,date,评分,comments
0,2024-05-16,5,我玩过最长的漂流，设施挺不错的。唯一的缺点大概是排队太久了吧，如果天气热很晒的话，排队很煎熬。途中有点晒，一定要做好物理防晒，戴帽子啥的。
1,2024-05-03,5,全程刺激，玩的很快乐
2,2024-04-30,5,很好，很值得去
3,2024-04-23,5,不错很好好
4,2023-12-09,5,非常好玩，中途打水仗是孩子们的天下，一路风景一路笑声，携程旅行网提前预约，特别方便，价格优惠，满意，性价比超高，旅游景点也有攻略……
5,2023-11-30,5,一家人加上小舅子一家人出游！ 很不错的一次体验！ 明年再来，把爸爸妈妈也带着一起体检一下！ 很刺激，整个过程差不多2小时！ 带身高低于1米2的小朋友只能玩半程，有点遗憾！
6,2024-04-02,5,夏天去玩一回超爽滴要选择最热的天去比较合适……玩的超级爽啊……
7,2023-12-01,5,皖西是个好地方，霍山大峡谷漂流非常值得，明年还来
8,2024-03-03,5,不错的体验，但水质要提高，居然看到有人养鸭子
9,2023-08-10,5,8月5号去的，11点多到的，不少人，车慢慢也不怎么堵。12点下的水，全程较刺激，弯道很多，水流较大，船也多，但总体有秩序，全程岸边和水里的工作人员很多。大人孩子玩得都很嗨。可能由于人多，有的游客不注意保护环境，水里的饮料瓶和塑料袋不少。这样好山好水的地方，一定要注意保护啦。下午不到三点上来，开车就慢慢堵起来了，幸好我们三辆车都在大堵车之前出来了。第二天去了皖西大裂谷，天太热，要爬山，现在不建议去。在陡沙河温泉小镇住了一夜，很好啊，泡温泉带孩子玩水乐园，周边民宿啊土家菜啊都很多。总之我觉得适合休闲旅游的好地方。
10,2024-04-12,5,还不错，可以去体验下
11,2024-03-22,5,是我玩过最好要的漂流
12,2024-04-07,5,很好，玩的很开心
13,2024-02-20,5,很好，非常满意
14,2024-03-02,5,真的很好玩
15,2022-07-11,5,去之前做足了攻略，看到评论里好多人说会受伤，带了很多磕碰药品，还有洗漱用品换洗衣物以及吹风机（这些一定要带，否则淋浴间啥也没有，人满为患），漂流的时候一定要拉好皮划艇上的拉手，不然在水流急的地方容易甩出去，都是六个人一个船，最好找那种硬汉拼船，否则会被泼的很惨，。玩漂流就是互相泼水才有意思，如果是那种很爱计较别人泼你，玩不起的那种人我劝你最好别去，不然你体会不到玩漂流的乐趣。 我们是从阜阳自驾过去的，十一点到地方，开始排队取票取装备，在中午很热的时候玩水太舒适了，防晒一定要做好，长袖长裤再加上手套帽子和袜子，女生一定要多穿点，因为泡水里几个小时还是挺凉的。不要买水枪，玩两下很容易坏，水瓢是必备的，战斗力很强。有洁癖的人最好也不要去玩，因为水有点臭臭的。 上午玩漂流，下午可以定个在万情峡的民宿，要提前定好，不然订不到，周边吃点当地农家饭，晚上去万情峡可以爬爬小山，大汗淋漓然后去看演出，别有一番风味，有抗日情景剧表演，晚上还有篝火晚会，一定要参与进去，一定要参与进去，一定要参与进去，重要的事情说三遍，否则真的体会不到那种快乐。 这次一天半的旅行，真的很快乐，大家可以去体验
16,2022-06-13,5,【六安】霍山大峡谷漂流 天气：晴（太阳一丢丢大） 日期：2022.6.11 地址：六安霍山 时长：干架的要三个多小时 普通的差不多2个多小时 票价：198一个人包含大巴车票（‼️上山一定要记得去漂流起点的大树下取号‼️）叫号漂流不容易乱 还蛮快的！ 文案：🈚夏天不漂流‼️ 装备建议： 1、姐妹们一定要做好防晒准备！一定要带防晒霜只要是漏出来的地方就使劲涂，男孩子也要涂‼️真的是超级晒(但阴天还会好一点，但天气谁说的准啊！不涂就会晒得黑红‼️）最好还是可以穿长袖 物理防晒我觉得还是最管用的🌝 2、护目镜➕耳塞‼️不然到时候你真的会被泼的看不见听不见🥹我当时就是耳朵进了好多水‼️不知道被谁水枪一直喷射 看不见听不见的🥲 3、一定要买盆（厚一点的），水瓢很容易断 我们带了四个去！一个跟人换了两个小水枪 一个不知道啥时候手柄就断了🥲有个人带了粪瓢🥹真的全场最有用武器‼️
17,2023-08-09,4,我们是从湖北慕名而来的，湖北的漂流基本都玩过。 周末游客非常多，游客中心也就是漂流终点，停车方便，自助机器取票不花时间，但是漂流起点排队叫号等了一个多小时。 凭票领救生衣头盔，坐摆渡车，洗澡，这些都不再花钱，比湖北很多漂流要好，就是洗澡没有帘子，大家坦诚相对，而且两个洗浴中心的洗澡间加起来也紧张。 漂流时间很长，总共八公里，我们需要赶着回家，没怎么逗留，都玩整整一个半小时，湖北漂流没有这么长的，而且这边游客在起始点都打半天水仗，算上漂流过程中打水仗平缓区，还有上岸吃饭抽烟的，玩两三个小时确实可以。 整体而言，漂流刺激性不行，比不上宜昌，麻城和黄冈的，这个漂流漂一段缓冲一段，每一段落差都不大，就是水比较急，能够湿全身的浪也比较少。 最大的乐趣就是打水仗，特别是每艘船4-6人挤在一起非常欢乐，每个缓冲区就是给大家打水仗，安徽朋友真是随时可以开干，认识的不认识的，就像泼水节一样直接开喷。盆是核心装备，可以近战，还能划船；水枪能够在远程压制对方，也不可或缺。 不过这里的水有点腥臭，衣服挤出来黄水，其实不适合打水仗，有一个船惹我们，我直接加特林突突突射他们眼睛和口里，感觉他们要骂人了，哈哈哈溜了
18,2023-09-05,5,全程有8km，漂两个小时，很好玩。第一次玩这么时间长时间的漂流很刺激，水仗打的也很开心。挺人性化的，结束后还有热水洗澡。
19,2024-03-22,4,就还行，位置有点偏，水质跟金刚台有差距
20,2023-12-28,5,每年夏天都要来漂流的地方，惊险、刺激，全程打水仗，累并快乐着。
21,2024-02-23,4,堵堵堵、协调不行
22,2024-02-11,5,早点去排队人数少很多，漂流长度很长，体验很好
23,2023-11-28,4,玩的很刺激，风景也很好，但是景区内部交通管理落后排了很多冤枉队列，硬件可以，软服务不行，可以值得去玩，为了景色牺牲一点吧
24,2024-01-30,5,值得去，人比较多，人多漂流才有意思
25,2023-12-06,5,可以哦，人多得很，还好提前订的票
26,2023-08-09,5,霍山大峡谷8.5人超多，人气爆棚，不愧华东第一漂！
27,2023-11-30,5,人太多了，体验感不好
28,2023-11-30,5,人太多，体验感不好
29,2023-11-17,5,很好玩，可以去
30,2023-11-17,5,很好玩，可以去
31,2023-12-16,5,人多的地方吗
32,2023-12-16,5,人很多的啊！
33,2024-02-04,5,推荐去玩的
34,2023-11-21,5,挺不错的，
35,2023-11-17,5,值得体验
36,2022-06-28,5,不错值得推荐，全程漂流将近两个小时。很刺激，要带一套衣服出来的时候有洗澡的地方可以吧以后换了，安全也还可以自己注意不要违规就很安全。整个漂流途中有好几个休息点可以上岸休息一会喝喝水吃吃东西和抽抽烟（都是有商家卖的自己只要带手机就行了）。对了老人不适合去玩的哈！
37,2022-07-08,5,很不错，自驾去的，导航到下码头，然后去游客服务中心换票，领救生衣，然后做景交去上码头。买的水枪和瓢，都用到了，打水仗欢声笑语的很开心。漂流结束有淋雨的地方很方便。
38,2023-09-20,5,霍山大峡谷漂流中评： 本次评价主要针对霍山大峡谷漂流，从景点体验、服务质量、性价比、漂流体验、综合感受、配套设施、环境卫生和安全性能等方面进行客观评价。 1. 景点体验 霍山大峡谷漂流位于安徽省六安市霍山县，拥有得天独厚的地理环境和自然风光。在漂流过程中，游客可以欣赏到峡谷两岸的险峻山峰、翠绿的山林和清澈的河水。此外，景区内的龙潭瀑布、摩崖石刻等景观也非常值得一看。总的来说，霍山大峡谷漂流是一个非常美丽的景点，让人流连忘返。 2. 服务质量 在接待方面，景区工作人员态度热情，能够主动为游客提供帮助。同时，景区内漂流河道两旁均设有防护栏，保证游客的安全。此外，景区还为游客提供免费的救生衣和头盔，让人感到非常贴心。 在导游方面，景区提供专业的导游服务，能够为游客详细介绍景区的历史和文化背景。在漂流过程中，导游还会为游客讲解沿途的景点，让人对整个漂流过程有更深入的了解。 3. 性价比 霍山大峡谷漂流作为安徽省内较为知名的漂流景区，其价格相对较高。但是从其硬件设施、服务质量和旅游体验来看，还是比较值得一游的。与同类漂流景区相比，霍山大峡谷漂流的价格略高，但是其良好的服务和景色让人觉得
39,2023-09-08,5,超级棒，值得游玩，青山绿水，天然氧吧，户外活动超震撼人心，漂流刺激，非常好玩，玩过漂流再去六万情峡，晚上有篝火晚会，还有烟花秀，真是玩的尽兴，玩的很嗨，再吃吃当地土菜，真心很好，值得推荐游玩！
40,2023-08-11,5,第二次来漂流了，还是非常好的体验，刺激安全性还很好，人很多但秩序井然，漂流时也不拥挤，时间将近一个半小时，在狭谷中，周边风景也不错，打水仗很有趣，上来后还有免费的淋浴，淋喷头很多，不用排队
41,2024-01-11,4,人太多了，服务跟不上
42,2024-01-08,4,惊险刺激还会再来
43,2023-10-09,5,已经连续第二年去了，几家一起去玩挺开心的，打水仗，感觉非常好，比较刺激，而且时间还长，差不多100多分钟，玩过的漂流中最刺激的一个
44,2023-08-03,5,漂流不休息大概一个半小时，玩的很开心。建议非周末去，工作日人正好。陌生人互相玩的也很好。
45,2023-08-08,4,我们周五去的，没什么人，排队取票，领取救生衣，坐大巴都很顺畅没什么意外情况。还是很幸运的。漂流也是一般，不想去第二次，没什么好玩的。住的民宿外卖都没😂，很偏僻。照片上可以看见没什么人。我们第二天也就是周六返回途中刷抖音看见好多人喊退票，还好我们没在休息日去玩。
46,2022-07-08,5,一大家子人一起去的，非常不错。早上10点多到的，然后换票。领救生衣，坐车去上码头。12点多到上码头1点钟开漂，漂流2个多小时 买了水枪和瓢，孩子玩的很开心
47,2023-08-26,5,"很不错的漂流. 每个人在他的人生发轫之初,总有一段时光,没有什么可留恋,只有抑制不住的梦想,没有什么可凭仗,只有他的好身体,没有地方可去,只想到处流浪。"
48,2023-08-25,5,本人芜湖的，和朋友一起坐高铁然后从高铁站租车去霍山玩的。建议早一点去，中午去排队人太多了，我是早上九点多到的，取了票之后就有很多车来了，停车场几乎就停满了，但是早点去水有点冷，记得吃早餐。
49,2023-08-26,5,". 每个人在他的人生发轫之初,总有一段时光,没有什么可留恋,只有抑制不住的梦想,没有什么可凭仗,只有他的好身体,没有地方可去,只想到处流浪。"
50,2023-08-19,5,很刺激，时间也很充裕！建议玩全程，提一点建议：一米三以上儿童跟成人票价一样，确实有点过分了！建议景区跟别的地方一致设置儿童票！
51,2023-09-05,5,华东第一漂 值得去玩 还有六万情峡演出非常精彩
52,2023-08-28,5,霍山大峡谷漂流——一次难忘的冒险之旅 我想分享一次我在霍山大峡谷漂流的经历，这个地方位于安徽省西部，是一个非常受欢迎的旅游目的地。这次漂流体验充满了惊喜和刺激，让我至今难以忘怀。 首先，关于刺激度，霍山大峡谷漂流绝对值得一试。从起点开始，漂流船就会带你进入一个充满急流和落差的旅程。全程大约15公里的漂流河道，落差高达160米，途中你会经过许多惊险的弯道和险峻的瀑布，让你感受到一次又一次的刺激和惊喜。 其次，这里的风景优美也是吸引我的一个重要原因。在漂流的过程中，你可以欣赏到霍山大峡谷壮丽的自然风光，沿途的青山绿水、飞瀑流泉，让人目不暇接。这种在壮美自然景观中漂流的感觉是难以用言语表达的，只有亲身经历才能真正体会。 水质清澈也是一个重要的优点。霍山大峡谷漂流的河水非常干净，水质优良，你可以清楚地看到河底的石头和游来游去的小鱼。在炎热的夏天，这种感觉非常舒适，让人忘记了夏天的炎热。 在服务方面，霍山大峡谷漂流也给我留下了深刻印象。从购票到漂流结束，每一个环节都组织得非常周到。工作人员的态度非常友好，无论你遇到什么问题，他们都会热情地帮助你解决。 安全保障方面也让我感到非常满意。
53,2022-07-30,5,这次带孩子来霍山漂流非常开心。漂流不是很刺激，但是趣味性不错，中途不休息的话一个小时30分钟可以玩完。说漂流2，3个小时的，估计是人特别多的时候。漂流12点开始检票，12点30我们就开漂了。下水就有人泼你，别害羞，用力还击没人生气，下水后就是一片大混战。水枪眼镜耳塞到漂流地点再买，眼镜5元，水枪10元，大点水瓢5元。我们刚到霍山在路口买的眼镜要30两个，还价20买的，还是被坑了。耳塞特别重要，我和女儿没买结果耳朵都进水了，比较难受。里面米饭25一份，凉面15，能吃饱就是价格略高。漂流水质不太清澈，上来洗浴热水温度不错。玩得开心，一点小瑕疵都是不用放在心上的。这个漂流适合所有1.3米以上的朋友来。下次再漂流准备试试金刚台。
54,2023-07-01,5,很开心。体验不错 👌 自然环境优美
55,2022-07-03,5,好玩，全程没有太阳就很完美。虽然中途有小雨，不影响玩，感觉回到了小时候。大家没有顾及的。不认识的人一起相互泼，打水仗超级开心。
56,2023-08-16,5,推荐，夏天去耍水。建议提前做一晚到，第二天一早就去。夏天8点就开始了，一早人少，没有排队。我们去的前一周，太火爆，堵车啦排队啦，有人就中暑了。
57,2023-07-21,5,整体很不错。水不是很清澈，但是总程时间可以，2个女士带3个孩子(14岁左右)。去之前很忐忑，怕我们力量单薄打水仗时干不过人家那些强壮的船队!但是事实证明我们很猛!尽量早点去，上午去玩六万情峡，里面的“大别山实景演出”一定要看!现场观看很震撼!每天11点准时开演不要错过。看完演出出来吃完饭出发漂流!妥妥的!漂流时一定要注意安全。祝大家玩得开心!
58,2023-08-22,5,漂流还可以，但是旁边的加油站强烈不建议在那加油，他会给你少加大概百分之二十的油，我加了200块的油，他给我少加了40多块钱的油
59,2023-07-31,5,霍山大峡谷漂流真是闻名不如见面，漂流全程时间大概两个多小时，刺激，安全，值得一漂😄
60,2023-08-11,5,感觉还行吧 叫号领船 去的比较早 一点都不乱 全程一个半小时 后半程比较平缓了 没什么意思了
61,2022-08-16,5,本以为去了就能直接玩，害得我早上五点多起床就开车去，结果到那取完票说是中午才能放水，大家注意了，去太早真没必要。不想穿防晒衣的，玩的时候一定要把防晒多抹几层，我什么防晒没做，回来两个膝盖直接晒伤，火辣辣的痛，黑了好几个度。最好带双有后带子的洞洞拖鞋，漂流神器啊！总体还是比较好玩的，和我在巴厘岛玩的漂流差不多了。
62,2022-08-14,5,公众号上买的票，车票＋门票一起198，比现场买便宜10元。要戴安全帽和救生衣，太阳很毒，建议提前做好防晒。车要停在下码头，然后坐公交上去，下公交后要第一时间去大树下面取票，是叫号的！ 一下水大家就开始混战，瓢或者水枪最好提前买好，不要在景区买，很贵而且质量很差，一下水瓢就烂了，水枪也坏了，后面半程都是靠在水里捡的瓢玩。整个过程大概两个小时吧，趣味性很足很好玩，不是很刺激，适合全家人一起，工作人员也会泼水给你，大家一起玩很开心。
63,2023-08-13,5,现场218元，团购性价比很高，2小时漂流值得去，入住在携程订民宿也很方便。
64,2023-07-31,5,一直听说霍山漂流很好玩，这次感受到了，很刺激，时间长，全程下来两个多小时
65,2023-08-04,5,每年都去的地方，很好！！！
66,2023-08-11,5,千万不要周六周日去，挺刺激好玩的。比我们在石台怪潭漂流要好玩。
67,2022-07-28,5,很棒的一次漂流，当天去的时候是阴天，离停车场还有10分钟路程时竟然下起了小雨，可到达时，人山人海，路边，场地内停满了车辆，谁也没有关心天气。下水后，全程2个多小时，刺激的漂流和混乱的水仗，认识的和不认识的都是敌人，此时是放松的，感觉水都是温暖的，唯一遗憾的是为何在岸上没有购几把威力大些的水枪，这样就可以一人挑战十艇。
68,2022-07-04,5,很喜欢，明年我还要来，战斗机就是水枪，水盆没用太重了，今天天气很好，但是我们漂完就下大雨了。哈哈哈。
69,2023-10-06,5,好玩！夏天清凉好去处！玩的真是很开心！下次还想去！
70,2023-08-20,4,景区景色和项目是很不错了，大部分工作人员都很认真负责，尤其是入口检票漂流的保安师傅，亲自讲解安全帽和救生衣穿法，还帮我们亲手带，售票姐姐咨询小哥都很热情，漂流过程的安全员也很负责。 下面说说体验感极差的俩点，我们去的早，水有点凉，中途一半的时候，小孩不愿意了，就在中途的休息站停下来了，跟工作人员表示有交通工具回服务中心吗？工作人员说他们有私家车可以送，开价100，我以为会很远，结果10分钟不到的路程，收了90，有种趁火打劫的感觉，当地人感觉应该开着致富的吧。 其二，女卫生间门口的短发中年女工作人员，态度真的是其实恶劣，我们下来的早，洗澡的时候放了好久没有热水，然后让她帮忙问下回事，她当时躺在更衣的长条凳子上睡会，估计是耽误她睡觉了，上来就冲我“我又不是烧水的，我怎么知道”光着身子我们也不能出去啊，当时求助上卫生间的游客，让她出去问下工作人员，原来是让使劲多放一会。那种无奈真的去没法形容，后来观察了一会她不仅冲一个人，好像对谁都不友好，卫生间是游客必去的地方，这种工作人员就没有必要留下去了，不要一颗老鼠屎坏了一锅汤。 总体来讲其他工作人员还有辅警大巴司机真的都很好。
71,2023-08-16,5,值得推荐，一定要提前在携程买票。原价208元，买到178元，省了30元/人呢。
72,2023-07-06,4,1.3以下的小朋友只能漂半程，半程票100元，但其实没有一半那么长。洗澡的地方再扩大一点就好了，太挤了。其他都挺好的。山里的水还是凉的。
73,2023-08-19,5,很刺激，孩子们玩的很开心！已经是第三年来这个地方了！避暑的最佳选择
74,2023-07-10,5,现场很精彩~非常值得一看~
75,2022-06-09,5,我们去的人 都说怪好玩的
76,2023-08-15,4,感觉还好，都很热情
77,2023-08-25,5,携程推出购票平台，特别方便，出票很快，退票很快，携程旅行攻略真实可靠，可以更好的安排时间，推荐
78,2023-08-15,5,好玩，刺激！
79,2023-08-15,5,好玩刺激！
80,2023-07-21,5,【景色】这里的景色很美，漂流很凉爽，刺激呀哈哈😆
81,2023-08-12,5,漂流非常刺激，适合夏天。记得抓好扶手，不然容易掉下去！适合会打水仗的宝宝们，记得带好水枪迎战吧！这个夏天怎么能不去漂流一次呢？
82,2023-08-26,5,周四去的早，人不算多，几乎不排队，全程愉快。
83,2023-09-21,5,很好玩，连续去了两趟了，每年都要前去一次
84,2022-07-13,5,漂流过程中摊贩价格太高，一桶泡面15元
85,2022-07-18,5,服务太差，十点不到在山上等到一点，工作人员在来告诉你，要拿票去大树下领排队票， 在山上傻等到四五个小时，实在让人无法理解，这样的服务行为。
86,2023-08-12,4,总体来说还是不错的，就是水有点脏
87,2023-08-05,5,非常好玩，漂流过程非常刺激，其他游客非常热情，都能打成一片，交通及其便利，也就结束后等了2小时才出场，服务非常好
88,2023-08-20,5,挺好玩的，比其他平台便宜20
89,2023-07-07,4,水太黄了吧 感觉脏脏的呜呜呜 但是还是挺好玩的
90,2023-08-02,5,很不错的地方 价位适中
91,2023-08-17,5,卫生干净，服务态度超棒，来霍山首选
92,2023-10-03,5,1个半小时的漂流行程，记得要带水瓢和盆，要不然会被虐
93,2023-08-21,5,很棒很棒很棒
94,2022-08-10,4,今天跟团去的，我比较懒，没有拍任何照片。景色个人感觉还不错，不过一眼看上去，就知道是个县级的私人开发的景区。景区里面的商品售价还可以，不算贵。服务态度也还不错。玩的过程中，比较刺激的落差，个人感觉，有那么一两个，可能是我在游乐场上了7年班的缘故，一般的刺激对我来说都不咋地！里面很多地方需要收船桨去手动划水。比较是个带孩子去玩，幼儿园中班到初中生高中生都适合。从上船到下船一个半小时左右。除了没有我想象中的刺激，船桨划水比较多外，其他都还行。景区在深山沟子里面，山路较多，个人感觉，跟团比较划算。跟团去的话，景区放水量比较大。听同行的游客说，前天有朋友自驾去玩，水很少，玩的不尽兴。而且跟团价格也便宜不少。比网上买票还便宜。
95,2022-07-02,5,夏天一定要来玩一下，我们全家都来玩过的，现在比以前改善了不少
96,2021-08-02,4,我们四大一小去玩的，我和我爸完了全程后，又陪小孩他们完了半程，环境特好，漂流也不错，全程1个小时20分钟。 唯一不满意的是服务态度特别差，在中段小孩漂流开始那段，几个20几岁的服务人员就在那里站着，让他们帮忙推一下船，他们还骂人，最后我们自己推的，其中有一个骂人的男的，制服编号：BA0002，试问景区老板雇你们来就是吃白食、翻白眼，辱骂客人的吗？一扫这次漂流的好心情。
97,2023-08-22,5,玩的很开心，出票快，服务很好，订票很方便，支付也很方便，订单确认速度很快
98,2023-08-05,5,周末人有点多，漂流整体还可以，也有洗澡的地方，周末尽量早点过去，做好防晒
99,2023-09-21,5,公司团建，第三次去这里，感觉非常有意思。大家一定下次一定要错峰出行哦
100,2023-08-21,4,挺爽的，就是要看好天气预报哦
101,2023-08-02,5,好玩，漂流时间长，建议穿长袖长裤，注意防晒。有几个地点水流急，会呛水
102,2023-07-28,5,第二次来了，孩子很开心！
103,2023-08-21,5,携程买景区门票。方便又快捷。。。。而且还有优惠。。真的挺好用。
104,2023-08-21,5,携程买景区门票。方便又快捷。。。。而且还有优惠。。真的挺好用。
105,2023-07-29,5,都很好，就是取票之后票被人偷了被人刷了，自己重新现场买了一张票
106,2023-08-26,5,假期带家人游玩放松，漂流时间大概两个多小时，都很喜欢很开心。
107,2023-08-20,5,体验不错，小孩很喜欢
108,2023-08-04,5,值得一去，明年还去
109,2022-08-16,5,很好玩，每年都会去
110,2022-08-08,4,周末早上8点到那取票就行，早一点不用排队，商务没那么晒。9点还没到就开始漂了，10：30出来的。前半场毕竟刺激，盆都掉了一个。值得一去。 但是景区取救生衣那里排队秩序混乱，有待提高
111,2023-09-18,5,非常棒 连续去了好几年 以后还是会接着去 一定要带舀子和枪哦
112,2023-08-19,4,还好，漂流很刺激六万情峡的演员们很可爱，到霍山环境一般
113,2022-09-04,5,每年都和同事们一起去打水仗，今年第三年了吧，比较了很多地方还是这里最好玩，现在成了我们公司的企业文化了。 大家工作上的不开心不愉快，到这里尽情释放，有冤报冤，有仇报仇，哈哈哈哈
114,2022-09-04,5,每年都和同事们一起去打水仗，今年第三年了吧，比较了很多地方还是这里最好玩，现在成了我们公司的企业文化了。 大家工作上的不开心不愉快，到这里尽情释放，有冤报冤，有仇报仇，哈哈哈哈
115,2022-09-04,5,每年都和同事们一起去打水仗，今年第三年了吧，比较了很多地方还是这里最好玩，现在成了我们公司的企业文化了。 大家工作上的不开心不愉快，到这里尽情释放，有冤报冤，有仇报仇，哈哈哈哈
116,2022-09-04,5,每年都和同事们一起去打水仗，今年第三年了吧，比较了很多地方还是这里最好玩，现在成了我们公司的企业文化了。 大家工作上的不开心不愉快，到这里尽情释放，有冤报冤，有仇报仇，哈哈哈哈
117,2022-09-04,5,每年都和同事们一起去打水仗，今年第三年了吧，比较了很多地方还是这里最好玩，现在成了我们公司的企业文化了。 大家工作上的不开心不愉快，到这里尽情释放，有冤报冤，有仇报仇，哈哈哈哈
118,2022-09-04,5,每年都和同事们一起去打水仗，今年第三年了吧，比较了很多地方还是这里最好玩，现在成了我们公司的企业文化了。 大家工作上的不开心不愉快，到这里尽情释放，有冤报冤，有仇报仇，哈哈哈哈
119,2022-09-04,5,每年都和同事们一起去打水仗，今年第三年了吧，比较了很多地方还是这里最好玩，现在成了我们公司的企业文化了。 大家工作上的不开心不愉快，到这里尽情释放，有冤报冤，有仇报仇，哈哈哈哈
120,2023-09-15,5,刚开始还怀疑，玩过才知道物超所值，孩子和领导都很满意
121,2022-08-16,5,"必须打水仗，小孩大人都很开心，有很多工作人员，也很安全，去前很焦虑，也许我们去的时候水不多了，今年有点旱，但依然很好玩,,Ծ^Ծ,,"
122,2022-07-05,5,最好的，最刺激的漂流体验，值得玩。我们连着漂流两天，孩子👶🏻们玩不够
123,2023-09-03,5,好玩 很好玩
124,2023-08-20,5,实景演出惊艳四座，绝对对得起票价，演员带入感很强！
125,2023-05-22,5,全程大概两个小时左右，值得一玩
126,2023-08-20,3,景区景色和项目是很不错了，大部分工作人员都很认真负责，尤其是入口检票漂流的保安师傅，亲自讲解安全帽和救生衣穿法，还帮我们亲手带，售票姐姐咨询小哥都很热情，漂流过程的安全员也很负责。 下面说说体验感极差的俩点，我们去的早，水有点凉，中途一半的时候，小孩不愿意了，就在中途的休息站停下来了，跟工作人员表示有交通工具回服务中心吗？工作人员说他们有私家车可以送，开价100，我以为会很远，结果10分钟不到的路程，收了90，有种趁火打劫的感觉，当地人感觉应该开着致富的吧。 其二，女卫生间门口的短发中年女工作人员，态度真的是其实恶劣，我们下来的早，洗澡的时候放了好久没有热水，然后让她帮忙问下回事，她当时躺在更衣的长条凳子上睡会，估计是耽误她睡觉了，上来就冲我“我又不是烧水的，我怎么知道”光着身子我们也不能出去啊，当时求助上卫生间的游客，让她出去问下工作人员，原来是让使劲多放一会。那种无奈真的去没法形容，后来观察了一会她不仅冲一个人，好像对谁都不友好，卫生间是游客必去的地方，这种工作人员就没有必要留下去了，不要一颗老鼠屎坏了一锅汤。 总体来讲其他工作人员还有辅警大巴司机真的都很好。
127,2023-08-16,3,公告上写9点开漂，其实是周末9点开漂 我们去的时候不是周末9点多就去了换票就坐大巴上漂流点了，到了才知道要等到12点左右开漂，在那等了两个小时也没有工作人员告知 坏境是美的没话说，水质一般。天气热在水里一点都不觉得热 工作人员非常少，可以提前告知几点开漂让人有选择的空间，不是第二次去的人很难知道
128,2023-08-14,3,买的六万情峡和漂流套票，在漂流游客服务中心自助取票机取漂流票，票上印的是六万情峡景点，上车后大巴车司机大声吵吵说我票🎫不对，让我下车，我解释是套票 让他看票价都是对的，还把订单翻出来给他看，他还火气很大让我们下车，另外一个年轻工作人员过来看了说是套票没问题，他才闭嘴🤐，真是让人火大的很！
129,2023-08-12,3,比较山寨的感觉，服务人员的素质和水平也需要提升。因为不需要看大别山演出，因此把票转给其他游客，结果售票员把她主管叫过来，主管一过来就对我们说，走走走驱赶，感觉没有经验，不会处理问题，其实就是一件很小的事情，显示出比较没经验和狭隘，感觉是转了几张票，就耽误了景区赚钱，让人感觉很不好，不会再去，也不会推荐别的朋友去
130,2021-07-13,5,携程购票，服务中心换票很方便，以及免费取公交票坐车去上游。票要带上去，交给工作人员后上皮划艇。我们的票放在下游车上了，找工作人员付全额票价的押金才上了艇。虽然麻烦点，但工作人员态度好，退押金也方便。我们飘了近2小时，激流险滩多，刺激，尖叫！落下时，水浪扑面而来，灌耳朵，拍眼镜，被颠倒在艇里四仰八叉，水瓢冲掉一个，隐形眼镜冲掉一只，水枪打爆一支。7月10日去的，阴天，水打在身上挺凉的。不认识的人一起打水仗，很有趣。从下水起衣服就开始湿了，艇底有孔的，穿雨衣没有用的。上来去取衣服，有热水洗澡。值得来玩！
131,2023-08-20,5,价格很便宜，服务态度很好，停车很方便。
132,2023-07-03,5,年年都来，是好玩的
133,2022-07-12,5,夏天玩水的好地方，峡谷遮光，水流清凉
134,2023-10-06,5,价格不便宜，但是物有所值，值得值得
135,2023-08-20,5,漂流很刺激，工作人员也很认真负责！
136,2023-08-20,5,景色很美，价格很便宜，停车很方便。
137,2022-07-25,5,非常适合十岁以上的带孩子去玩，很刺激，刚下去就和别人干起来了。雨衣啥的不要带，根本没有用，一定要注意防晒，太阳真的能把人晒的黝黑黝黑的
138,2023-07-28,5,很不错的漂流，值得一去！太好玩了
139,2023-08-17,5,挺好玩的，就是感觉没有8公里
140,2022-08-06,5,漂流超棒的，体验非常好，刺激有趣，打水仗打的第二天胳膊都抬不起来了😂 去之前看了很多景区的漂流除了安全问题，有点担心。现场工作人员很多，安全性很高。
141,2022-08-02,5,非常值得玩，暑假的双休日人超多，不得不在距离景区2点4公里停车步行40分钟前往售票处，建议节假日可以安排交通引导，漂流最好穿长袖长裤速干衣或冲浪服。
142,2023-08-22,5,很刺激 全程2个多小时 很不错
143,2022-09-02,5,第三次去了，适合公司组团打水仗，每年公司团建必去，没有之一。 棒棒哒 公司同事都爱打水仗，下水的那一刻，有冤报冤，有仇报仇，哈哈哈
144,2022-08-17,5,很不错👍跟朋友一起，是很不错的出游，之前在河南去过几个，包括尧山大峡谷等，这里的水很干净，水量足，沿途风景也不错，，很愉快的出游，下次可以再去！
145,2023-10-29,5,很刺激，挺好玩，也很安全
146,2022-07-09,5,不愧华东第一漂流，惊险刺激好玩，值得一去。是暑期带上孩子的好去处
147,2023-09-08,5,天热的时候去，人多热闹
148,2023-09-08,5,第二次去了，还是很好玩
149,2023-08-03,5,非常刺激，去了很多次！
150,2023-07-14,5,很好玩网上订票也很方便
151,2023-11-16,5,年轻人的夏天释放基地
152,2023-08-18,5,很好哦 比别的平台便宜
153,2023-08-13,5,超级好玩，来玩二次了
154,2023-08-02,5,非常的好哈啊哈哈哈啊
155,2023-07-27,5,做的不错，漂流的挺远
156,2023-11-16,5,满意，安徽景点加油
157,2023-11-16,5,安徽马鞍山客户来啦
158,2023-11-16,5,水质很好！亲子可去
159,2023-10-23,5,朋友一起，说走就走
160,2023-08-30,5,每年必备，夏日狂欢
161,2023-08-26,5,不错不错，值得推荐
162,2023-08-13,5,刺激，但是水比较脏
163,2023-08-04,5,很好玩，孩子很喜欢
164,2023-07-19,5,来过两次了，很好玩
165,2022-07-28,5,服务安排的井井有条，换票取救生衣都有专门的人负责，漂流上游人多但不拥挤叫号排队挺好的。陡坡激流多，人工也多，洗澡的地方也大，总体感觉很好。
166,2021-07-19,5,霍山大峡谷漂流惊险刺激，算的上是华东玩过的最惊险的漂流，全程8公里，无数急流险滩，值得体验一把……
167,2023-11-16,5,下次还来！水质好
168,2023-09-19,5,很好玩 每年都想去
169,2023-08-27,5,很刺激，非常好玩
170,2023-08-25,5,刺激，全程尖叫。
171,2023-08-20,5,惊险刺激下次还来
172,2023-08-17,5,非常不错挺刺激的
173,2023-08-12,5,皮划艇横过来危险
174,2023-11-16,5,满意满意，刺激
175,2023-11-16,5,好玩，暑假必去
176,2023-08-28,5,好玩，下次继续
177,2023-08-24,5,好玩，值得一去
178,2023-08-24,5,好玩，值得一去
179,2023-08-13,5,很不错，没排队
180,2023-07-08,5,值得一来，很赞
181,2023-05-30,5,挺好的。挺刺激
182,2023-10-07,5,感觉非常不错
183,2023-09-18,5,非常棒的体验
184,2023-08-28,5,挺好的还不错
185,2023-08-15,5,玩的很刺激啊
186,2023-08-12,5,还想再去一次
187,2023-08-06,5,很不错的体验
188,2023-07-21,5,好，非常值得
189,2023-10-08,5,好好好好好
190,2023-09-12,5,不错很好玩
191,2023-08-18,5,确实好不错
192,2023-08-12,5,可以穿拖鞋
193,2023-08-12,5,要抓紧黑绳
194,2023-08-12,5,真的要带瓢
195,2023-08-10,5,很棒很刺激
196,2023-08-07,5,玩的很开心
197,2023-08-07,5,玩的很开心
198,2023-08-07,3,景区管理及其混乱，无应急预案。当地**对景区监管不力，以致客流量超出景区接待量的时候差点发生群体事件。再有景区外公路****管理疏导不利导致7公里的路程整整走了近两小时。
199,2023-07-31,5,值得去一次
200,2023-06-24,5,玩的很开心
201,2023-08-22,5,很好 很棒
202,2023-08-13,4,大峡谷漂流不错，六万情峡没必要去比较山寨，买了联票不值得，可能是旅行产品绑定促销的原因。
203,2022-07-18,5,和三年前相比，管理更规范，流程更方便科学。但是作为游客还是建议尽量错峰，这次周五漂的，人少了很多，全程各个环节几乎都没有怎么等待
204,2023-08-10,4,最好是跟朋友一起主团，，，，，，，，，值得一去
205,2022-09-02,5,第三次去了，适合公司组团打水仗，每年公司团建必去，没有之一。 棒棒哒 公司同事都爱打水仗，下水的那一刻，有冤报冤，有仇报仇，哈哈哈
206,2022-09-02,5,第三次去了，适合公司组团打水仗，每年公司团建必去，没有之一。 棒棒哒 公司同事都爱打水仗，下水的那一刻，有冤报冤，有仇报仇，哈哈哈
207,2022-09-02,5,第三次去了，适合公司组团打水仗，每年公司团建必去，没有之一。 棒棒哒 公司同事都爱打水仗，下水的那一刻，有冤报冤，有仇报仇，哈哈哈
208,2022-09-02,5,第三次去了，适合公司组团打水仗，每年公司团建必去，没有之一。 棒棒哒 公司同事都爱打水仗，下水的那一刻，有冤报冤，有仇报仇，哈哈哈
209,2022-09-02,5,第三次去了，适合公司组团打水仗，每年公司团建必去，没有之一。 棒棒哒 公司同事都爱打水仗，下水的那一刻，有冤报冤，有仇报仇，哈哈哈
210,2023-06-09,4,漂的时间挺长的，也挺刺激的，就是总有小卖部把我们拉过去买东西，特别是最后很累了
211,2023-08-11,4,漂流还不错，有不少惊险刺激的地方，孩子们喜欢水战，不管认识不认识见到就喷水。
212,2022-08-07,4,还是很有意思的，最失策的是没有穿长裤，只涂防晒乳根本没用
213,2022-08-01,5,刺激，打水仗太爽了，就是需要人多玩才热闹，大家去之前最好最好组个队一起去
214,2022-07-26,5,【景色】漂流美景 【趣味】惊险刺激
215,2022-07-17,5,水枪和水瓢都玩破了 下次玩买个厚的
216,2022-09-02,5,很好玩，很刺激，一定还会再去的
217,2023-09-08,3,抓住夏天的尾巴，来一次惊险刺激的激流勇进。霍山大峡谷漂流是你的选择。
218,2022-08-15,5,漂流很好玩 很刺激 将近两个小时 大热天也不热 人虽多 但景区安排有序 效率很高
219,2022-06-27,5,【景色】不错 【趣味】惊险刺激
220,2023-08-22,4,漂流挺好玩，尤其是孩子喜欢，水仗装备要带齐，不然被打的眼都睁不开。
221,2023-08-14,4,项目可玩性很高，刺激！时长也满意。适合团队或多个朋友一起参加
222,2022-08-01,5,二字刺激，玩的很开心
223,2022-07-05,5,非常好玩，唯独就是水有点浑，还会再去玩的
224,2023-08-08,3,要错过周末。反复排队等候时间过长，介意游客取票的同时就可以直接根据票数发给游客救生衣。刚取完票又要去旁边再排队，无语死，在那干晒太阳….
225,2023-08-19,4,漂流送情峡票我都不清楚，还有竟然设置真这么复杂的票种
226,2022-08-20,5,玩的开心就好
227,2022-06-21,5,好玩又刺激
228,2023-08-18,4,刺激，挺好玩的，虽然水枪都完坏了，有机会还是去的
229,2022-07-06,5,老板娘人非常好热情，而且离景区近！菜烧的也是棒棒香，没去的可以去试试
230,2023-06-06,3,霍山大峡谷漂流，惊险刺激，季节到了，勇者行动。
231,2022-06-28,5,在两山中间 没有太阳照射 水流大 确实很好玩 去玩记得买打水仗的牢固的水瓢
232,2023-10-11,4,还不错惊险刺激，水质不太干净。全程时间刚刚好
233,2023-06-13,4,游玩的人挺多的，唯一的缺点水有点太脏了
234,2020-05-25,5,这个漂流还不错，景色很好，水质很干净，现在在疫情期间，不知道今年能不能够摘掉口罩，再去欢呼和漂流。 时间啊快一点，原来我们都希望时间光慢，但是这个时光太难熬了。
235,2023-08-08,4,还行吧，周末不要去人超多，排队热死。
236,2023-08-13,4,大峡谷漂流不错，六万情谊峡比较山寨
237,2023-08-12,4,"虽然天气很热,各方面保障措施还可以"
238,2023-02-02,5,很棒！风大运行的慢点！景色杠杠的
239,2023-08-19,4,好玩极了，就是人太多了。
240,2022-08-16,5,必须要去一次的漂流，真的很好玩，小孩大人都很开心😁忘却一切烦恼
241,2023-08-19,4,刺激，好玩，下次再约。
242,2023-10-11,4,还不错，孩子玩的开心
243,2022-08-09,4,首先，好玩是绝对的，但是皮艇中间坐的地方中途是掉的，非常影响玩耍的趣味性，还有工作人员把别人遗失在水里的水瓢拿走不归还是什么意思？卖钱？
244,2022-08-03,5,很刺激，全程两个多小时。值得一漂。
245,2023-06-22,4,建议只玩漂流
246,2023-05-14,5,去年夏天跟好朋友一起去的，很刺激很好玩，今年准备再去
247,2022-07-08,5,。。。。。。
248,2022-07-15,5,不错不错，朋友一起***又开心
249,2022-07-12,4,换衣服和储物的地方还分开，这是个诟病，太不方便了
250,2022-07-16,5,水流量大，漂流很好的地方。
251,2022-09-09,4,项目挺刺激的，边上安全员不少，可以放心游玩
252,2022-07-11,3,昨天去的，因为人太多，景区没有限流，船翻掉了，差点离世了，人都被冲走多远了，救援人员都没有来，还是游客跳下去救的，当时真的就要窒息了，冲了好长一段，我就在水底，当时眼前一片黑，害怕的要命，手也破皮了，腿也肿了，幸好脸和头没有磕到，感谢昨天救我的那个小哥哥，不然真的可能就离开这个美丽新世界了，希望景区重视一下，人多的时候真的要限流，那个急流太急了，一堵住，就会翻船，太令人害怕了，我和朋友昨天翻了两次！
253,2020-08-13,5,印象中漂流就是坐着小皮艇悠哉哉从头晃到尾，然而霍山大峡谷漂流完全颠覆了我的认知。不仅流程超长，达到了8公里+，而且落差很大，激流特别多。上艇时工作人员告知体重轻的坐前面，于是老老实实坐到了第一个，没想到每一次下坡水流都拍到了我身上，没错，是拍！好几次直接把我拍到了后面乘客的脚上，第一个坡下来，衣服就全湿了。漂到一半就哭爹喊娘想上岸。硬着头皮漂完全程，手指脚趾都皱了，从上到下，从外到里，每一处都在滴水。此时终于明白为什么景区设有淋浴室有趣好玩，体验很好，。好在仔细研读了景区须知，带了换洗衣服。总的来说是此漂流非常刺激，如果有机会还会再来。
254,2019-08-03,5,自家游游玩皖南地区，夏天少不掉要玩水玩漂流。在天柱山游玩的时候准备去九曲河漂流的，结果特意了解了下140／人性价比不太低，起点到终点10-20分钟就结束了，所以决定换霍山大峡谷漂流立马订票180+5元保险。霍山大峡谷漂流不建议周末的时候去人太多，我们是周四去的散客不用排队直接到上码头取下票，整个漂流挺刺激的每过一个下冲后就有戏水的地方，时间2个小时左右，同行的人都觉得挺不错的
255,2022-08-03,5,适合夏天，很好👍
256,2022-08-03,5,很刺激，全程两个多小时。值得一漂。
257,2022-08-03,5,很刺激，全程两个多小时。值得一漂。
258,2022-07-06,5,一般 较为平庸 时间比较短就一小时多点
259,2022-10-08,5,非常非常好！
260,2022-10-07,5,非常刺激！以后每年都要来玩一玩！
261,2022-08-13,5,周末人多，带上必备工具，开心水战
262,2022-08-05,5,玩的很开心，可以部分东西不让带了
263,2022-07-24,5,挺费力气的
264,2022-07-08,5,。。。。。
265,2022-07-01,5,11111
266,2022-08-14,5,非常棒👍🏻。真正在漂流
267,2022-08-08,5,夏天去玩超级棒，一点也不热
268,2017-08-02,5,网上订票170一个人加10元坐车费，大人小孩一个价，漂了两个多小时，值了，如果不急漂三个小时也可以，就是漂流旁边的饭店菜不行，鱼还有生的，刚吃过就肚子疼，去玩的朋友建议不要在景区吃饭
269,2023-01-01,5,。。。。。。。。。。
270,2022-08-05,5,玩的很开心，值得一去
271,2022-06-27,5,值得来一次，非常好玩
272,2019-08-29,5,一次愉快的很嗨的体验。周日我们到达景区超大的停车场，拿到票排队上景交车摆渡到漂流囗（车票十元），漂流囗人山人海，在等待进入河道的时间里，素不相识的人一起开打水仗，手中的水枪加上水瓢场面嗨到极点。进入河道一路漂向前，真真体验一回啥叫漂流，像海浪一样打湿全身，全程二个多小时。上岸超大的洗浴间有热水供应沐浴，换上干净的衣服开开心心回家。
273,2023-04-19,5,不错，我今年还要去
274,2023-02-21,5,水太脏了，挺好玩的
275,2022-08-21,5,挺刺激的 玩的挺开心
276,2023-02-03,5,好好👍好👌好
277,2023-01-28,5,好玩就是有点惊险
278,2022-09-02,5,第三次去了棒棒哒
279,2022-08-14,5,枯水期，水不够了
280,2022-08-08,5,还是有点刺激的，
281,2022-08-08,5,太刺激啦 明年还来
282,2022-07-31,5,很刺激，值回票价
283,2022-07-31,5,很刺激，值回票价
284,2022-07-23,5,刺激！非常刺激！
285,2017-07-29,5,晕死，输了一大段怎么返回一下就没了！抑郁了！浪费我表情，言简意赅吧，第二次游玩，因为暴晒，水潜了好多，孩子没玩成全程觉得不过瘾，遗憾了！
286,2023-05-08,5,不错！值得一游
287,2022-08-22,5,很棒的一次漂流
288,2022-08-19,5,不错，值得一去
289,2022-08-19,5,不错，值得一去
290,2022-08-12,5,全程比较有激情
291,2022-08-02,5,很刺激，很好玩
292,2022-07-11,4,买的套票，只能玩漂流，那个什么演出根本就没有，都是**的而且去那个演出的地方服务人员态度也很差
293,2023-05-08,5,可以可以可以
294,2023-01-01,5,。。。。。。
295,2022-12-12,5,超赞的很不错
296,2022-12-12,5,不错很有意思
297,2022-08-02,5,太刺激了呀！
298,2022-07-18,5,性价比很高～
299,2022-07-08,5,。。。。。。
300,2023-01-25,5,还会再来哦
301,2022-08-13,5,适合孩子玩
302,2022-08-13,5,刺激，混战
303,2022-07-24,5,挺费力气的
304,2022-07-24,5,挺费力气的
305,2022-07-24,5,挺费力气的
306,2022-07-24,5,很刺激好玩
307,2022-07-15,5,不错，很好
308,2022-07-15,5,很好，不错
309,2022-07-14,5,带好武器。
310,2022-07-08,5,。。。。。
311,2022-07-08,5,。。。。。
312,2022-07-08,5,。。。。。
313,2022-07-08,5,。。。。。
314,2022-07-01,5,11111
315,2023-09-27,3,人太多了没有好几年前第一次去的时候好玩了
316,2023-08-14,3,大峡谷漂流景区大巴车司机态度很差劲，差评
317,2016-08-11,5,好玩 好玩 好玩 重要的事情说三遍 距离比去年长了一段 漂流距离增长 时间变长 那好心情也变久了 哈哈 美中不足的就是 漂流船统一变成6人座了，不像以前有2人座，4人座，希望能改过来吧！这样熟悉的人坐在一起也高兴！
318,2023-08-14,3,大溪谷漂流大巴车服务很差
319,2020-04-19,5,去年夏天去的，漂流时间2个小时，漂流景色很美，玩的很嗨，整个漂流过程很刺激，值得一去
320,2017-08-19,5,不错的漂流，时间长，刺激，比较其他地方的漂流都好玩，赞一个
321,2022-11-11,4,很不错 挺喜欢的
322,2023-10-03,3,现场管理不行
323,2023-02-07,3,漂流季还有四个月，大别山里的水好风景好，请你准备好。
324,2022-11-05,3,惊险刺激的水上游戏，风景也不错。
325,2023-05-10,3,霍山漂流，惊险刺激，充满挑战，
326,2022-07-26,4,景色不错的
327,2022-07-29,4,不是很刺激，全程都只是打水仗
328,2022-07-10,4,没有自助取票机 取票效率太差了
329,2023-02-16,4,开心就好开心就好开心就好
330,2022-07-10,4,人太多，水不太干净
331,2022-07-14,4,还可以 玩的挺开心
332,2022-08-06,4,设备有些老化
333,2019-04-07,5,霍山大峡谷漂流全长8公里，是华东落差最大的漂流。每到夏天游人络绎不绝，附近还有飞云玻璃桥、滑道、白云峡瀑布群等景点，金小松。
334,2023-08-22,1,特别差，到一半的时候 从一个激流口 刚进激流口 后面就来一个船，撞在一起翻船了，此时没有工作人员，然后从激流口滚下来的，一船6个人全受伤了，其中4大人，2小孩，大人摔下来之后，一直呼喊救人，船翻了救人啊，工作人员都在途中的便利店推销东西，卖东西，根本没有看到，也没有听到，后面大家一起喊，才听到，不急不慢的去救人，摔伤很严重，到医院检查，之后送1大人2小孩走了，我们3大人是同行的，漂流时和他们拼船的，然后医院没人管我们，给我们发微信说，让我们先回本地，后续会微信谈赔偿，至今三四天了，还没有解决问题！非常差！！！不处理完，会一直投诉！
335,2022-07-25,3,整天不错，就是景区管理混乱。建议管理一定要跟上要不然太乱了。
336,2019-07-07,5,带公司的员工一起去的，最好带着水瓢，不过那边买东西也很便宜，最好做好被喷的准备，大家就是打水仗，不过还是很好玩的，值得一去，不过半程实在没有意思的，100块钱一个人，不分大人孩子，实在划不来，关键是时间太短了，全程8公里，半程只有2公里，那边吃饭稍微贵点，其他东西还算便宜
337,2019-06-21,5,去过一次，要坐大巴上山。全程漂了两个多小时，很好玩的。划重点：穿凉鞋！！什么都不要带，手机很容易阵亡！记得一定买个水瓢，打水仗用的。因为全身会湿的透透的，所以里里外外的衣服，洗澡用品准备一套，那边有免费洗澡的地方。
338,2017-07-31,5,相当不错啊，接近两个小时，没有儿童票有半程票但是没意思相当短，可以买全程不危险，我家六岁多闺女说不刺激，其实还可以吧刺激度中等，老少皆宜，风光不错，价格也不便宜网上170还要10块钱车费上山，价格真不便宜快接近黄山门票了
339,2022-07-09,3,只玩了漂流，剩下的玩过漂流就结束了，演出并没有时间去看，不是很好
340,2021-06-13,5,要选择好天气，下雨天不要去，不然容易感冒，总体超赞，有趣好玩，
341,2021-07-20,5,很好玩，水还是比较急的，还是很刺激的。
342,2018-08-11,5,漂流时间还是漫长的，当时11个人，分两个皮划艇，中途坏掉了一个，很刺激。人特别多，唯一一点就是水质有点浑浊。完成后有免费洗澡的地方，人特别多
343,2018-07-23,4,第二次去玩，很不错的环境。 也很有意思。门口卖的防水袋质量不是很好，玩的时候挂钩掉了，手机掉在了一个休息区水域，当时立刻下去摸，摸不到，准备水浅一点再去找。过一会儿手机显示关机，原来工作人员知道我们丢了手机下去捞到了就关机了。最后要了3000块才把手机还给我们。这样一来就感觉特别不贴心，很不舒服的感受。
344,2016-07-30,4,刺激 漂流时间比较长 全程2小时左右 门口停车也比较方便 就是价格比较贵 有一定危险性 小孩要注意 还有水比较脏 有洗澡地方
345,2020-08-30,5,第三次来了，今年的水非常大，落差点也挺大的，有趣好玩，体验很好，只是立过秋了，水还是比较凉的，去了六个人，还没回家就有四个人不舒服了，胃受凉了，不舒服，不过这个还是比较刺激的，明年立秋之前来吧！值得推荐，景色不错，
346,2022-08-07,1,本以为会是一次愉快的漂流，由于景区工作人员素质低下，此次行程极度气愤！ 事件一：漂流船从水潭刚下去，浪把水枪从船上冲了下去，下面总共两个工作人员，工作人员1立即拿走了我的水枪，于是向他要回水枪。他看我在要水枪，立即把水枪藏着水里，我很明确告诉他看到在他的手里，他要强行推走我的船，我很气愤想从他手里夺。然后他说了句给你，就把水枪从我头顶扔过，扔给了工作人员2，工作人员2立即拿起水枪扔到岸上，把我的船推了下去。船顺着水流走，已经没有办法和他们争辩！这是在抢劫！是犯罪！！ 事件二：脱救生衣时把防水袋一起带了下去（防水袋里有手机和车钥匙），拿车钥匙时发现防水袋不见了（前后间隔一分钟左右，人也在放救生衣的位置没走），然后立即在救生衣里找，翻了大概六七个救生衣，突然发现我的防水袋在整理救生衣的一个老奶奶口袋里，我立即向她说明这是我的防水袋，里面有手机和车钥匙。她不给我，同行的几个人和她争辩了几分钟后，她说知道里面有车钥匙，让我去给他们买东西，买来后再给我？！既不给我也不给景区工作处，非要我去买东西！很明显就是不想给我！最后我说报警，才不情不愿的拿出来。 这个景区工作人员民风彪悍，今天算是见识到了！！！！
347,2019-08-25,5,不错导游是个贴心的导游路程什么的安排的很周到，漂流只让我们等了20分，中午吃的饭菜也不错，回来的时候导游还说了句遇见我们是最早回来的跟团游了
348,2018-06-18,4,漂流很刺激 就是景点安排太混乱 可能是假期原因 排了三个小时 山上还堵车 建议大家平时去玩
349,2017-08-08,4,霍山大峡谷漂流真的很惊险刺激，整条漂流道缓急相结合，工作人员都很辛苦站在水中为我们提供更好的漂流方向。大人、小孩都玩的很嗨。用携程网购票换票也很优惠方便。唯一美中不足的是，可能因为是假日期间，旅游的人太多洗澡间太脏，换衣区太小。衣服换好了又是一身汗。希望这个地方的工作人员能够像在漂流道服务的工作人员一样认真。最后真的很感谢那些站在水里为我们提供服务的工作人员幸苦大家啦！完美的漂流
350,2016-08-18,4,漂流还是不错的，时间长，沿途都有工作人员服务。缺点就是网上定的票为什么还要在景点另外买10元的交通车车票，很多游客漂流前把随身携带的物品都放在车上的，还要去拿钱，建议取消网购票的交通车费
351,2021-06-30,4,漂流刺激好玩，适合和朋友一起去玩，人多热闹。
352,2019-04-18,5,惊险刺激，值得一去。不过河流湍急，还是要安全第一。否则一切免谈。票价有点小贵，但是夏天玩一趟还是值得的。
353,2018-06-18,4,非常 惊险刺激，人多的时候会限流，大家集在一起打水仗非常的好玩
354,2019-07-28,5,漂流很刺激，是我玩过时间最长的漂流了，中途还可以上岸休息。两个人过去的跟别人一起拼了一条船，刚下水就开始打水仗，很好玩。还会再来体验。
355,2021-08-01,5,很有趣，弯急坡陡，打水仗，不知不觉2小时过去啦！
356,2023-08-06,1,服务和管理都很差劲，体验感极差，假期哪都人多，但是这个地方管理的一片混乱，很多游客从去售票处取票就开始堵车，堵了大概有两个多小时，没有合理的交通管制，大家很多人都是找的摩托车花钱上来，结果在摆渡点等大巴也等不到，也是等了两个多小时没人解释，天热很多人都中暑了，我们都快热晕倒了，后来又花钱找车去上游，才开始漂流，漂流的地方人却很少，路上也不堵车，总的来说安排的非常不合理！
357,2018-07-23,3,第二次去玩，很不错的环境。 也很有意思。门口卖的防水袋质量不是很好，玩的时候挂钩掉了，手机掉在了一个休息区水域，当时立刻下去摸，摸不到，准备水浅一点再去找。过一会儿手机显示关机，原来工作人员知道我们丢了手机下去捞到了就关机了。最后要了3000块才把手机还给我们。这样一来就感觉特别不贴心，很不舒服的感受。 下水别带手机
358,2019-06-15,5,很多人说水很浑，想过没有这是野外，不是游泳馆，没净化设备可装，想干净就别来。
359,2021-08-23,5,好玩的，带孩子过来玩，开心死了
360,2021-08-21,4,现在买学生学生票可以便宜一点嘛
361,2021-06-30,5,玩早了水有点凉，但是非常尽兴！
362,2020-08-30,5,还是很好的，两百值得。虽然我是觉得有点遭罪，回来指甲也翻了，腰也给后排的汉子怼了两次很疼。不介意小小孩玩，途中还是有点刺激。我玩的途中有一家船翻了，小小孩冲走，妈妈急得哭
363,2017-08-23,4,暑假里周三去的，停车场看着人不多，可是在水里就觉得人多了。漂流不错，孩子很喜欢，比其他漂流弯道多，服务也不错。不足之处是水质不清澈，不配备划船的***。
364,2017-07-25,5,很值得游玩，全程下来2个多小时。大大小小的刺激孩子们尖叫不断，大家玩的都好开心，虽然价格高但是很值得，最后淋浴是不用花钱的，网上订票有10元小公交费用，总体很满意的一次
365,2022-01-08,4,挺好玩的，就是有点贵。价钱稍微便宜点就好了。手机进水了，应该弄一个牌子警示会更好。
366,2021-10-22,5,很美好的一次旅行，刺激
367,2021-08-05,5,风景不错，玩的很开心
368,2019-08-26,5,很好玩。很刺激。不像网上说的没有秩序。
369,2017-07-23,4,好朋友一起去的。三伏天也是很有勇气。大家要涂好防晒霜，一定要带水枪哦。我们就什么武器都没买，很吃亏。洗澡地方很大，但是放包的地方很少。肯定要克服克服的。漂流的缓道太多了，不刺激。
370,2022-02-18,5,非常好玩，刺激
371,2021-09-24,5,好玩到起飞，
372,2023-08-25,2,我买了三张成人票，去了我要带孩子需要半程的，让我退一个成人票，验证了说48小时内退到原路返回的，回来看三张票都给我验证了，可是只玩了两个全程人！真要命，给我退的一张票呢！
373,2019-06-16,5,霍山漂流，真的是漂流界的扛把子，刺激有趣，可同时坐6人，非常值得一玩，全程约3小时，嗨皮。
374,2023-08-20,1,特别垃圾，我们自己带的金属水枪不让我们带进去，说景区里面不让玩金属水枪，结果里面算是卖金属水枪的，奉劝去的家人们千万不要上当
375,2019-06-09,5,还是很好玩的，很适合夏天！大赞一下，大霍山的道路及道路景观，搞的是真心不错，绝对的五星好评！超赞！！
376,2017-07-31,5,值得和大家分享，是我玩过的最好漂流景点。
377,2017-08-18,5,大峡谷漂流 五岁小孩可以漂吗？
378,2019-07-19,5,整体漂流时间一个半小时，去漂流起点需要做景区大巴车，车费不包含在门前里。漂流完可以免费洗热水澡。舒服很喜欢！
379,2020-08-25,5,景色宜人，四面环山，漂流刺激，下次还会再去，是一个值得去的好地方
380,2017-08-19,5,非常不错的一次游玩 开心
381,2019-08-04,5,漂流时间还是蛮久的，玩的超嗨，各种打水仗，必须要六个人才可以，四个人组团不是蛮方便，在那里等了好久。
382,2017-07-30,5,总体感觉还不错，就是交通排队时间太长。
383,2017-07-28,5,非常有趣，非常嗨。很值得一玩的漂流哦，全程8公里，2-3小时，打水仗，不能再好玩的漂流了。哈哈哈~
384,2020-08-27,5,挺好玩的，但是对我来说还是不够刺激
385,2016-08-15,5,果然名不虚传，惊险刺激，玩了两个小时，儿子太喜欢了！景区有公交车可以直接到上游，如果是网上团购，要加十元公交费，这一点携程上没有注明。
386,2019-11-09,5,很嗨皮的一次旅行 刺激、也很安全
387,2018-08-24,5,漂流很好玩，比我之前去的黄山好玩多了，一路上不用划水，完完全全漂下来的！！很刺激，一路都有工作人员，所以也很安全，如果有机会，还会再去的！！非常好玩
388,2018-07-21,5,真的挺刺激的，漂流时间比别的地方漂流时间要长。很多人聚一起打水仗。周围环境也好。夏天玩别的热。玩漂流很凉快。孩子们玩的都很开心！
389,2019-08-04,5,特意赶早去的，八点就到了，拿票穿衣坐车去起点，一切都顺利，到了起点拿号等喊号，。景点十点正式开漂，我们十点二十就上了船，全程都很刺激，值得游玩。
390,2020-05-31,5,几乎每年都会去，刺激好玩，今年怎么捆绑其他景点了？这样一来不想去其他景点的不是浪费钱了。😓😓😓
391,2018-08-13,5,不错的一次漂流，梦导安排的行程合理太给力了，期待下次重游，特别是儿子和其它小伙伴们的水仗打的开心过隐，四周路边的景色一般，边上还有老百姓的居所，在中游还见到了几只可爱的水鸭呢
392,2020-11-30,5,挺好玩的！值得一去！周边的饭店也还可以，就是价格有点高，自备干粮吧，还是比较靠谱！温馨提示下，一定要水枪，不然你会很吃亏！还有水瓢
393,2019-07-14,5,今天才去，是我玩过的，最刺激，最开心的漂流 【趣味】
394,2017-08-17,5,这是我玩过最刺激的漂流，好多落差激流，孩子全程尖叫，吵着还要再玩一次，答应他明年夏天还来玩
395,2016-08-29,5,大峡谷漂流，绝对刺激，超级好玩，一路惊喜不断，尖叫连连，跌宕起伏，无论大人还是小孩，还是老年人，大家玩的其乐融融，熟悉的，陌生的，在漂流时都是熟悉的
396,2020-08-03,5,有趣好玩，景色不错，值得推荐，体验很好，
397,2019-08-21,5,孩子玩的很开森^_^，就是水质没那么好。
398,2019-07-07,4,玩玩还是不错的 大一点的小孩也可以玩 感觉最好的就是安全措施做得很好 进去之前安全员会挨个检查救生衣系的是否规范 我胡乱系的他都帮我全部拆掉重系 然后漂流过程中基本也是每十米就一个安全员 感觉挺好的 唯一差一点的就是厕所和淋浴的地方比较破旧 期待改进
399,2018-07-11,5,刚上小艇就下大雨了，不过第一个落差就已经完全湿透，不怕下雨了。大约一个小时左右，沿途有工作人员帮忙指点，还是很有意思的，安全刺激，值得一玩。
400,2019-08-04,4,体验了一把漂流，可以说是我目前玩过最长最刺激最开心的一次漂流，二个多小时玩到嗨，原本看了前面人的评价说是服务差不顾承载能力，等我去时可能景区做了改正，从买票起到结束都挺满意的。
401,2017-07-23,5,好玩的很啊！下次会带孩子来的*vvv
402,2021-12-08,4,不值得这个价格
403,2020-09-08,5,带弟弟妹妹去玩的，每年都去，自驾游一路风景非常好。就是门票感觉挺贵的哈哈，不过确实好玩，能玩两个小时全程很刺激。景色不错，体验很好，有趣好玩，值得推荐，
404,2019-08-21,5,非常好玩，适合带8岁以上的儿童去
405,2017-09-11,5,孩子比较小，签了安全协议，漂了全程很刺激，值得一玩。孩子比较小，签了安全协议，漂了全程很刺激，值得一玩孩子比较小，签了安全协议，漂了全程很刺激，值得一玩
406,2016-07-31,4,险刺激！好玩！两岸风景秀丽！美中不足是网约取票麻烦，客服中心标记不清楚，大热天的来回排队，建议多开窗口或是机器取票，现在已经是网络时代了，应顺应潮流啊！
407,2020-08-14,5,不错，就是下次记得***换洗衣服景色不错，体验很好，值得推荐，有趣好玩，
408,2023-08-14,1,这次玩的心里不舒服，买的防水袋是假的，应该是二手的，手机不断的掉在船上，最后，脖子上只剩个绳子了，等我回去找就没了，最后被讹了300，13号小店，专业干这个的。大家注意
409,2019-08-04,5,特意赶早去的，八点就到了，拿票穿衣坐车去起点，一切都顺利，到了起点拿号等喊号，。景点十点正式开漂，我们十点二十就上了船，全程都很刺激，值得游玩。
410,2017-08-24,4,惊险刺激，值得游玩，沐浴的地方要注意卫生。
411,2016-06-29,5,这次漂流很惊险刺激，朋友们都很喜欢，尤其是孩子，漂流线路也较长，性价比较高，唯一不满意的地方是网上订的票要补交10元车费。
412,2023-08-06,1,毫无管理与服务可言，交通堵也就算了，到了地方后，排队堵也可以理解为人多，结果一等五个小时，没有一个大巴车过来接人，没有一个服务人员来解释，是真的垃圾，看到好多人中暑晕倒，最后只能说漂流还是可以，就是太晚了，水都凉了，12点多到，五点多才漂流，服了你们，最后只能说一句:小可爱
413,2023-08-05,1,进来堵1小时，出去堵了1小时停车场都还没出去。没有这么大的容纳量就不要宣传让大家来，会不会搞个限流啊，体验感太差！！！！
414,2017-08-06,4,挺好玩的，时间大概两个多小时，认识不认识的互相打水仗很开心。泡在水里的工作人员也挺辛苦，偶尔有几个还和我们泼水互动，挺喜欢这样的工作人员的。沿途有卖烤肠之类的，也算良心价，不是很黑。漂完有热水澡洗。不足：漂流的水不干净，排队等景交的地方管理不规范，没有排队，车来就一哄而上，很让人窝火，如果能排队先来后到一个个上，这个游客体验度会更高。漂流还是不错的
415,2023-08-06,1,景区管理差的没边了，让人在太阳底下排队排了三四个小时，不知道热晕几个，有多大能力接待多少游客，一心想赚钱，也不看看自己接待能力极限在哪，可玩性还行但因为这垃圾的管理，不会有下次了
416,2018-02-20,5,定票方便，带小朋友们玩的很开心，就是优惠力度大点就好了！
417,2016-10-03,5,坐公交车就能到还算方便，今年水多，特别适合漂流，太好玩了！水大比较刺激，基本全程都可以漂流下来！
418,2019-10-21,5,人流量较大，漂流还可以，比较刺激
419,2018-07-11,4,正好去的两天下雨，全程还是比较刺激的，感觉价格有点偏高，；尤其是半程票价100，大概半个小时就漂完了，比较坑啊。
420,2017-08-10,5,蛮刺激的，还想去一次，有一起的吗
421,2018-07-01,5,非常刺激，玩了好多漂流的地方，这里算的上最好玩的啦！值得来玩的。就是在里面小贩买的防水手机套质量差的很，还没漂呢就进水了，一直忐忑的很，就怕手机坏了。
422,2018-06-17,3,玩的还不错，就是景点服务太差了
423,2017-07-27,5,非常好玩！带孩子去的，她们都玩的很开心！值得推荐
424,2019-08-06,5,太刺激了没法拍照！哈哈！就是人太多，太多了！太多了！打水仗水瓢都累劈了～我估计我去的那天是人最多的那一天！
425,2020-07-09,5,很好玩，漂流了2个小时，就是气温有点，水有点凉，赶到天热时更好
426,2018-07-22,4,做旅游的同学推荐的，真的很不错，很刺激！
427,2017-08-09,5,很刺激，接近三小时的漂流活动，很好玩。是六安附近最好玩的漂流
428,2018-07-23,5,还不错，虽然天热，但玩的人很多，约了朋友一起去玩，很刺激！
429,2018-07-12,5,非常不错的漂流，漂的过程中有卖东东的骗前面没水，让买点东西，一位大姐回没钱咋买，很多被骗停留下，结果我们漂了个第一名。
430,2022-10-02,1,我是一家人自驾车去的，在漂流过程中把我的手腕骨折了，当时报警了，景区经理当时承诺不对现我是7月3号在霍山大侠古漂流过程中出的事，到现在还没给我处理好 这样的的景点还有谁敢去玩呀？
431,2016-08-03,4,刺激但不是很惊险，1.3米以上的孩子都能玩，小一点的孩子和老年人可以买半票，然后从中途上船。全程都有安全人员在岸边守护。漂流完了，以后还有热水可以洗澡。
432,2020-08-17,4,有趣好玩，值得推荐，总体来说还是感觉不错的，趣味性很强，全程两个多小时，孩子很喜欢，好评！
433,2020-08-22,5,确实比较好玩，还好这次人不算太多，就是漂流之前要抢船比较麻烦，基本没怎么排队，安排的很好
434,2020-06-27,5,值得一游，下次还有再来的打算
435,2016-08-17,5,清凉，刺激，舒适，一个非常不错的夏日出行的地点，六人坐的皮划艇，较之两人的漂流更加欢乐。
436,2023-08-20,1,我们自己带的金属水枪不让我们带进去，说景区规定不能用金属水枪，结果里面算是卖金属水枪的
437,2020-09-11,5,值得推荐，体验很好，景色不错，有趣好玩，一定要买个水枪，一定，多带身换洗衣服，出来有淋浴间可以洗漱，反正衣服全湿。一定要带内衣
438,2019-08-05,4,总体是不错的，自己老家的旅游项目，现在很火爆，我们周一去的还好，项目确实够刺激，总体两小时左右，唯一不足的就是洗漱间卫生不太好
439,2019-07-23,5,玩了100分钟很好，很不错，一开始很刺激。后面就习惯了。还没开始漂流衣服就湿了。一定要穿拖鞋进去，不然全湿
440,2017-08-06,5,超级好玩啊 连续来两年了 今年还要继续去玩 沿途风景不错 趣味性也很高
441,2020-09-11,5,很好的说实话这个价格能住这个不错了，在城里是最好的一家景色不错，，离公安局很近，很好拥入，希望有帮助
442,2020-01-11,5,挺有意思的一个地方，就是得朋友多了才有趣
443,2018-07-20,4,漂流很刺激。时长大约2个小时。每只橡皮船坐六个人，在漂流时尽量保持船体平衡。是一次愉快的似户外活动。
444,2017-07-27,5,值得一去，全程都有服务人员为您保驾护航，非常贴心，非常安全。
445,2023-08-17,1,不好玩，工作人员服务态度不好，太凶了，我们船卡了，直接让我们滚下来，搞得我们那船十分无语，我和小孩还受伤了，就是他拉我们下船搞得！以后再也不去了！谁爱去谁去
446,2023-08-05,1,差点被热死在霍山，整个景区乱糟了，没有一个工作人员来关怀，差点退票，足足在太阳地等了3-4个小时，交通堵塞，好多人热中暑，希望大家慎行。
447,2021-03-07,4,景色不错，性价比高，有趣好玩，总体超赞，，还不错还不错还不错还不错还不错还不错还不错还不错还不错还不错还不错还不错还不错还不错，还不能还不错还不错还不错还不错还不错还不错还不错
448,2019-05-02,4,夏天去不错，水很充裕，大概漂流20多分钟，雨披根本不管用，去就要准备全身湿透
449,2017-10-12,4,还不错，，第一次玩漂流，转弯挺刺激的，，交通不是很方便，
450,2019-08-03,5,开心 运气很好 排队二十分钟就漂上了。
451,2018-06-26,5,非常刺激，非常惊险，胆子小的莫来!
452,2017-09-25,5,这个漂流项目做的不错，但是在安全设施上还要加强，软件、硬件设施要完善。
453,2017-07-29,4,前半段惊险刺激，后半段比较平静，总体来说还行！就是每个船上放点撸就好了，不然船在平静时不走
454,2023-08-05,1,差评差评差评，景区的管理能力太差，停车场这么多工作人员，交通一点都不会组织，交通拥堵混乱，这样的景区迟早倒闭
455,2019-09-16,5,"漂流的时间很长，很过瘾，,heduixiangyiqiqude,zhengtiganjuehenguoyin"
456,2023-08-05,1,整体感觉很差，排队排了2个小时，坐班车上山连景区都出不去，坐车上坐了一个小时。主要是没有人疏导，真的很生气
457,2019-07-23,5,很刺激，相比张家界猛洞河漂流，这里更多的是漂流的激流很多，水混点不是问题，关键够欢乐。
458,2017-08-03,5,刺激刺激还是刺激，没有辜负大老远从南京赶过来。
459,2016-10-21,5,我们决定每年夏天都去漂一次，尤其是孩子，太疯狂了。全身湿透了，但是非常嗨！建议大家去！
460,2018-06-24,5,挺好玩，就是下午水稍微有点凉，建议自带水瓢，
461,2022-07-11,1,没有自助取票机，排队一小时取票，拿到护具排队上公交车一小时，期间不断有人插队！然后我就中暑了。从来不知道漂流这么危险，3，4张船挤在一起工作人员都不知道弄一下，直接翻船，一船人在水下被冲走，全身到处撞在石头上，我拽着船上绳子而且还呛水，一两分钟后被游客救起，感谢大哥好人一生平安！另一个小伙伴直接被冲走很远被游客救起。我们之后都回忆了真的很后怕，被激流冲走并且呛了水真的有种濒死的感觉，救生衣屁用没有！会游泳屁用没有！只能庆幸自己没有撞到头！整个服务区都不专业！安全隐患很大！
462,2020-08-29,5,值得推荐，有趣好玩，
463,2020-08-14,5,体验很好，有趣好玩，值得推荐，景色不错，
464,2020-06-01,5,有趣好玩，值得推荐，体验很好，景色不错，
465,2019-07-31,3,漂流比较好玩，长度很长，水战也很激烈，缺点：管理太混乱，基本无管理，排队入场安保人员就跟***似得，乱放根本无秩序可言，和他们理论，他们直接翻白眼说我们就是这样的规则不漂就走。水真的脏，回去洗衣服都是沙子。
466,2023-08-06,1,垃圾，管理混乱，路上一直堵着，是你吗哦
467,2020-01-24,5,一群人玩的很开心，虽然评论晚了点，还是夏天时候去的，很刺激
468,2017-08-06,5,真的很好玩，是我玩过的漂流中最好玩的！
469,2020-08-17,5,真如宣传海报所说，女人湿身尖叫，男人一路欢笑，值得一游。
470,2016-07-31,5,能够有单个景点进行拼团坐大巴就好了，出游交通很不方便，所以能弄个交通团就好了，定好出发和回程时间
471,2017-09-18,5,很好玩，比较刺激，全程漂流妹妹有点害怕有点受不了，挺好得，以后想玩还会再去
472,2017-07-23,5,非常刺激好玩，周边村民也挺朴实的，没有一般旅游景点取客的现象，唯一不足就是景区周边还没开发好！
473,2020-05-10,5,时间长，这是漂流里比较大型的一个
474,2016-07-19,4,惊险刺激适合小伙伴们去旅游的一个地方 要是水在清些就好了 服务不错 洗浴也不错 今年是第二次去了就是门票能在优惠些就好拉
475,2020-08-14,5,漂流时间久景色不错，体验很好，有趣好玩，值得推荐，
476,2020-04-08,5,好玩刺激要夏天去 不然全湿透会冷
477,2018-03-14,4,性价比高，是玩的漂流中最刺激的，全程长，水流刺激。
478,2017-09-29,5,够刺激 就是水真的很脏 被泼的很惨
479,2023-08-06,1,垃圾！！！！不会再去！服务差，管理差，让我们等了三四个小时，就在外面晒着，12点到的，后来花钱找车四点多才玩上！！！垃圾景点
480,2016-09-02,5,在瀑布那里真的看到彩虹了，不错的选择，就是山上虫子比较多，中间还有攀岩，但不够刺激
481,2022-07-04,1,体验感很差，翻船了，身上多出刮伤，也没见工作人员及时的救助，还是周边的人拉上来的，看见我们船方向不对也不知道给调整一下。
482,2020-08-22,5,景色不错，有趣好玩，体验很好，值得推荐，
483,2020-08-10,5,全程刺激  非常给力  下次有机会一定还去！景色不错，体验很好，
484,2018-07-23,5,还不错，虽然天热，但玩的人很多，很刺激！
485,2023-08-22,1,非常危险、工作人员不负责、再也不会来了
486,2019-07-20,5,够刺激，已经是第二次去玩了。我想应该会有第三次 第四次 第五次
487,2018-07-31,3,听说前今天漂流点出现了山洪和泥石流，想知道是不是真的，准备12号自驾游去漂流呢
488,2018-07-23,5,还不错，虽然天热，但玩的人很多，漂流的时间比较长，很刺激！
489,2018-01-30,5,很棒的体验，水道很长大约两小时，就是出发点人太多，要排队。
490,2017-08-06,5,真的很好玩，是我玩过的漂流中最好玩的！
491,2017-07-30,5,总体感觉还不错，就是交通排队时间太长。
492,2016-08-28,4,散客来早了还是要等大部队，这点不是很人性化，不知道非工作日去的散客都怎么到上码头的，凑齐一车要多久
493,2019-11-05,5,导游幽默风趣，小伙伴们能够玩到很开心
494,2019-05-30,5,不错，很好的一次漂流。虽然全身湿透了
495,2020-08-26,5,值得一去，风景很不错，漂流也很刺激
496,2019-10-04,5,挺刺激的。就是有点贵，周边服务不到位。厕所也不卫生。
497,2019-07-03,5,漂流时间长！很好玩！小孩玩的很高兴！下次还会再去玩！
498,2019-04-06,5,只有自己去过才能体会到其中的魅力
499,2018-10-04,4,很刺激，不过可能为了安全性，每个船安排专人划船，估计人手不够，接待量下降，下午1点去买票都买不到了，只能隔天来漂，不过确实值得来玩的
500,2019-11-01,5,有了携程订票超级方便，走到哪儿不怕买不到票，霍山的漂流很刺激，值得来。
501,2018-05-08,5,很好，性价比很高，下年还会去的
502,2017-10-30,5,服务态度好、环境优美、很喜欢这
503,2017-10-03,5,刺激好玩明年还要来，，，，，，
504,2017-08-25,5,漂流好去处，打算明年再玩一次！
505,2017-05-29,5,很好玩，太刺激乐，以后还来玩。
506,2022-07-03,1,退票退票，船翻了 四个人掉下来了 不同程度擦伤和淤青
507,2019-08-18,5,交通便利，性价比可以，值得一玩，比较悠闲的好去处！清凉夏日必备去处！
508,2019-07-19,5,a刺激，好玩！尖叫声不断……***！！！
509,2020-09-21,5,漂流时间长，2个多小时吧，欢快刺激全程，夏天水上娱乐的最好项目。
510,2019-08-21,4,漂流还不错 等的时间有点长 网上是10点开始 到地方通知说是12点 后来12点30分才开始漂 有序喊号排队 去的朋友们一定要带齐水枪和水勺 不然会被泼的后悔
511,2019-07-23,5,好玩，刺激。就是人太多，天太热了。好好好好好好好好好休息一下！
512,2020-08-22,5,非常好玩，还会再去滴
513,2020-08-19,5,有趣好玩，值得推荐，体验很好，景色不错，
514,2020-08-10,5,景色不错， 有趣好玩，体验很好，值得推荐，
515,2019-07-31,5,很好玩，很刺激，当天去不是很热，人也不多，玩的很愉快！值得去
516,2019-08-24,5,刺激。好玩。性价比很高。11点到达，1点开始，3点结束。
517,2019-08-22,5,很刺激很好玩，值得一玩，下次还会再来
518,2019-07-07,5,很好玩，惊险刺激，避暑胜地，有空再来
519,2021-04-06,5,不错总体超赞，
520,2020-08-30,5,还是挺不错的，值得推荐，体验很好，景色不错，有趣好玩，
521,2020-04-10,5,玩的很刺激
522,2019-12-14,5,我们去的时候没想象中那么多人 然后全程也挺长的 还不错
523,2019-08-05,5,很刺激，开心，水域跌宕起伏，现场人好多呀，天热，汗
524,2019-07-07,5,这是第二次去了，地方很不好玩，
525,2017-08-27,5,好玩，刺激。值的去玩！！！！！
526,2017-06-20,5,挺好玩的。原来是两个人一船，现在变成6人一船了。
527,2016-10-23,4,合肥周边最好玩的漂流，缺点是价格贵点，交通开车还行，交通车来回比较坑爹，另外水也不是太干净
528,2021-01-11,5,有趣好玩，景色不错，总体超赞，性价比高，刺激到死
529,2020-10-21,5,我想说的就是手机丢了很不开心，但是玩的还是蛮好的
530,2023-08-05,1,一个小时了 停车场堵的没出去
531,2020-09-10,5,太好玩了，而且网上预定特别方便。下次还会再去。
532,2020-05-24,5,和家里人一起去的挺不错的
533,2019-10-03,5,很好，明年带老公一起和孩子去，很刺激，很好玩
534,2022-07-11,1,最重要的开始漂流信息从网页到景点都不明显显示，日常漂流是从下午一点左右开始，但订票页面只明显显示入园信息上午九点，让人误以为入园即可漂流。景点窗口和摆渡车都不告知开漂信息，等拉到漂流点才大喇叭告诉你下午一点才是漂流时间，山下售票口绝不明显告知。很多人都要大热天在山上漂流点等两三个小时。摆渡车严重超载。漂流点信号差，没有吃饭的地方。
535,2022-07-09,1,网上买的不锈钢管身的水枪不给戴，然后到里面有卖一模一样的，好几十块买的说不给戴就拿走了，我都怀疑收走的在里面继续卖，你要不给自戴直说，一定要搁你这买直说呗，要是里面没有卖一样的，都是塑料的我都不会说啥，也是醉了
536,2020-11-02,5,有趣好玩，性价比高，总体超赞，景色不错，
537,2020-09-15,5,景色不错，有趣好玩，
538,2020-08-23,5,体验很好，值得推荐，有趣好玩，景色不错，
539,2020-08-23,5,景色不错，体验很好，有趣好玩，值得推荐，
540,2020-06-22,5,景色不错，体验很好，
541,2018-01-24,4,除了贵啥都好，幸亏活动买的。平时还真有点心疼，但漂流确实不错
542,2017-10-06,4,人太多了，不太险，全程下来两个多小时吧。验证网票竟然靠手工查单子，效率差了点，信息化建设死角哈哈哈。
543,2021-04-04,5,路线很长，蛮好玩的
544,2019-08-25,5,非常刺激，漂流过很多地方，感觉这里最值
545,2020-01-05,5,干净，住的舒服
546,2019-10-23,5,玩的可以，推荐
547,2018-07-31,5,刺激刺激非常刺激，太刺激了，太爽了
548,2020-10-06,5,我哭得还是很好的，就是价格有点贵
549,2019-08-23,5,第二次来了，真的很好玩，明年再来
550,2019-07-22,5,很好玩非常好看看看看看看看看看看
551,2018-09-04,5,一次不错的漂流，家人都玩的很尽兴
552,2021-05-07,5,有趣好玩，
553,2021-04-26,5,总体超赞，
554,2021-03-31,5,性价比高，
555,2020-11-14,5,性价比高，有趣好玩，总体超赞，
556,2020-10-26,5,性价比高，有趣好玩，景色不错，
557,2020-10-19,5,值得推荐，
558,2020-08-22,5,值得推荐，
559,2020-08-21,5,值得推荐，景色不错，有趣好玩，
560,2020-08-21,5,有趣好玩，景色不错，值得推荐，
561,2020-03-17,5,好玩，不错
562,2019-07-26,5,超级棒，真的太好玩，太刺激了！
563,2018-07-23,4,漂流挺好玩的，就是排队时间太久，人很多，取票很方便
564,2018-07-07,5,很刺激，很好玩。下次还会去的。
565,2020-09-03,5,游程较长，玩水嬉戏，老少皆宜
566,2020-09-08,5,还不错！第一次这么久漂流！
567,2020-08-28,5,蛮不错的，完美的一次体验。
568,2019-07-16,4,整体还行，只是景区门票还要单独取交通费，感觉比别的地方漂流贵，水很浑浊，无桨感觉划好累
569,2020-08-18,5,玩到现在漂流，这个最刺激
570,2020-09-27,5,刺激，孩子们玩的很开心
571,2023-08-25,1,不想多说，水太脏了，平台一股尿骚味，而且村庄的污水也流进入了
572,2020-09-06,5,有趣好玩，体验很好，
573,2020-08-22,5,体验很好，景色不错，
574,2020-08-16,5,体验很好，景色不错，
575,2020-07-30,5,有趣好玩，景色不错，
576,2019-11-01,5,物美价廉，很不错的。
577,2019-07-28,4,一般般，还可以！不是太刺激，相对于景点价格有点贵，停车收费，做大巴也收费！另外收费项目很多！！！！！
578,2022-07-09,1,提前网上买的水枪说带金属不让带进去，然后到里面都有卖一模一样的，都是金属管身，水枪必须在你这买直说呗，网上买的好几十块钱的说不给带就给收了
579,2020-04-07,5,好玩，夏天就要玩水
580,2017-10-06,4,人太多了，不太险，全程下来两个多小时吧。验证网票竟然靠手工查单子，效率差了点，信息化建设死角哈哈。
581,2021-04-24,5,非常好非常美丽
582,2020-09-02,5,全程非常有意思
583,2020-10-28,5,好玩好玩好玩
584,2020-10-08,5,漂流很刺激！
585,2020-09-07,5,很好玩 很吃鸡
586,2020-10-25,5,景色不错，
587,2020-10-19,5,有趣好玩，
588,2019-10-21,5,哈哈哈哈哈
589,2022-07-03,1,退票退票，船翻了 四个人掉下来了 不同程度擦伤和淤青
590,2019-07-24,4,玩的很好，老婆孩子很开心，不满意的是，买了门票还得再单独购买交通车票，不如包含在一起
591,2023-08-09,1,人太多，没有换程车，花200坐私车上去的
592,2020-08-16,1,注意！注意！！注意！！！霍山大峡谷漂流翻船了，没人管没人问，大家一定要小心！ 今天是8月16日，和一群朋友高高兴兴去玩，没想到最后是受伤去医院缝针为结局。景区管理混乱，游客太多了，到处都是人。我们一行16人，好不容易买了票，领了装备，排了队，上了船，我们这个船走到1/3急流的地方，翻船了！翻船了！！翻船了！！！翻船了！！！翻船了！！！ 没看错，3个大人3个小孩都掉进水里，其中一个爸爸抱着8岁儿子，一个妈妈抱着6岁女儿，一个妈妈和她12岁女儿被冲散，6人立马被急流淹没了，咕嘟咕嘟喝着河水，旁边的救生员没有积极营救，而且任凭漂过急流那段，到缓的那段才慢慢的慢慢的过来，这是置性命不顾嘛，幸运的是两对抱着的没有冲散始终抱在怀里，不然小小孩被冲散后果不堪设想，我们最终上岸了。救生员很淡定的看着我们，敬业的继续把我们送上船，有小孩吓的不敢坐船，下船走旁边石头到了第一个休息处。 翻船的一行人上岸发现大人小孩都有不同程度的划伤，擦伤，磕伤，救生员看到了，也没有任何报备，任何说法。 等返程去医院就诊，身上多处受伤，其中最深的有个2cm长的伤口，需要局麻缝针，局麻缝针，打破伤风，行走受限，还需要卧床2个星期，过14天还要拆线。下午4点多回来着急去医院没带手机，没拍恶心血淋淋的照片，受伤程度以医生诊断出具的病例和片子为准，当时景区买票有保险，为什么受伤的时候，什么保障，保障，保障都没有，大家留个心眼，想去的好好想想吧，有小孩的更要小心呢
593,2019-07-01,4,总体还不错，就是皮划艇中间漏气换了两次，另外水质真的太脏了。
594,2016-10-14,4,没有去二次的愿望，景点项目单还好，只能做周末消闲游，去一次就行，设施需在加强一些
595,2018-07-23,4,性价比高，但是我们翻船了，有一定危险性
596,2019-10-03,4,旺季要早点到，人特别多，排特别久，漂很长，尽量选天热一点漂，不然后半程有点冷
597,2017-10-27,4,很刺激，过瘾！孩子们玩的都很开心。
598,2022-07-09,1,水很浑浊，一点都不清澈，水面的垃圾很多，这还不是最值得吐槽的，最可恶的是工作人员当着我的面把没吃完的盒饭一起扔到水里了😡😡😡
599,2019-10-15,4,景区漂流体验很不错，但是设施简陋，管理混乱，希望以后景区管理能够改善！
600,2023-08-25,1,水太脏了，水太脏玩的有点恶心
601,2023-08-05,1,一比吊糟，没人管理，乱的要死
602,2022-07-08,2,和宣传差距太大，感觉很脏，垃圾都在水上面飘着。
603,2020-08-15,4,总体还不错，值得一玩，人多排队，停车场停车方便
604,2016-08-21,4,很刺激，好玩！时间2小时！有点累的！水质一半
605,2023-08-09,1,水特脏，服务几乎没有！
606,2019-12-09,4,没有河南的漂流好玩，因为人工痕迹比较明显，水比较浑浊，堵船严重
607,2019-10-07,4,人太多太挤，等候时间长，其他都还是不错的，希望服务可以更好一些
608,2021-01-30,4,整体很不错，价格略高
609,2021-04-04,4,当时人多，客服中心人手忙不过来，有点乱
610,2020-09-27,4,去过很多漂流的景点，这个是我个人感觉最棒的一个，值得推荐！
611,2019-09-28,4,人有点多，行程提示不明显，可提示清晰些以便安排水上旅程。
612,2020-08-22,4,还可以，第一次过来，人也不算非常多，大概两个小时左右八
613,2019-07-29,3,漂流还挺好的，挺刺激的，但是景区的管理太差了，希望多加强管理方面的工作。
614,2017-06-03,4,挺好玩的，适合这个天去玩！点个赞
615,2020-10-04,4,漂流的挺好的，总体挺好的，去的比较早，人不算特别多
616,2020-09-03,4,漂流还是可以滴，打水仗有意思，但是总体景色就那样。
617,2020-08-17,4,体验很好，值得推荐，景色不错，有趣好玩，
618,2023-03-19,1,六安的旅游经济就是被这种垃圾景点破坏了
619,2020-08-22,4,还可以，带孩子来的
620,2020-01-14,4,体验还不错，就是水不太干净，有油的感觉
621,2019-08-21,4,水质不是太好，不如以前了，总体还行吧。
622,2019-09-06,4,还可以，路程比较长，，，，，，，，
623,2019-09-08,4,不错，值得一玩，去早了，水有点冷
624,2020-09-03,4,体验很好，值得推荐，有趣好玩，
625,2017-11-21,4,还不错可以的，漂流路程比较长。
626,2020-08-19,4,很好玩，有点刺激值得推荐，
627,2019-11-08,4,总体感觉挺好的，挺好玩的！
628,2020-08-18,4,还不错，有几处挺刺激。
629,2021-02-07,4,景色不错，有趣好玩，
630,2020-12-31,4,景色不错，有趣好玩，
631,2020-08-29,4,体验很好，值得推荐，
632,2020-08-24,3,项目很好玩，这个198一张票也不算便宜，配套设施可以改善一下，等候去还不如一个县城车站的候车大厅。
633,2020-08-24,3,项目很好玩，这个198一张票也不算便宜，配套设施可以改善一下，等候区还不如一个县城车站的候车大厅。
634,2020-08-24,3,项目很好玩，这个198一张票也算便宜，配套设施可以改善一下，等候去还不如一个县城车站的候车大厅。
635,2020-08-31,4,还可以还可以
636,2020-08-31,4,还可以还可以
637,2020-08-31,4,还可以还可以
638,2020-08-30,4,很好玩的地方
639,2020-09-02,4,值得推荐，
640,2019-08-29,3,客流上去了，服务下来了，这个地方漂流今后不再选择！！
641,2019-08-28,3,一般，人比较多，下饺子吧，下次要避开高峰期，人多服务就有很多不到位的
642,2019-07-29,3,停车场太小，洗澡条件太差，水太脏，除这两天别的都还好，适合小孩去玩
643,2022-07-07,1,工作人员的态度都很差
644,2021-07-12,1,极差，从没有见过那个景区有这么差的，无组织，无纪律，无管理。37度的大热天，游客都在那强忍着酷暑排队，现场看不到工作人员，接送的旅游大巴到了也没有人组织上车，有不自觉的插队，也没人管，没人问。停车管理也是极差，路上交通看似有几个人在那指挥结果还是一塌糊涂。漂流落差也不大，还没咋滴就到平缓的地方，全程也就1个半小时，还是打了无数水仗的情况下。体验感极差，要不是旅游魔咒“来都来了”，真不一定能坚持下去，不会去第二次的。建议想去的游客们选择其他的漂流，不要去受罪。
645,2019-08-01,3,漂流本身还是不错的！但是景区管理的提升空间很大
646,2019-08-11,3,自驾去玩的，没有介绍的那么好玩
647,2022-07-07,1,水很脏 挺没意思的 就是打水仗
648,2020-08-28,3,啦啦啦路了
649,2020-04-17,3,感觉一般般
650,2020-08-06,2,船有问题，三根坐梁是横的，根本坐不住，整个人睡到后面两次。梁与船内壁的连接方法是梁两头各系一根长木板穿在船内壁上的鼻子里，木板会刮到腿，甚至有一头直接脱落，没法坐。梁又比船舷矮不了多少，坐上去重心不稳。其他的景区都是两人的船，没有像这样必须坐6个人的大船。另外建议景区禁止售卖大口径水枪，整个从还没出发就开始各路喷水，呲、溅得你眼都睁不开，根本无力招架。体验太差了，整个特别难受。不会再来了，对漂流有阴影了。
651,2018-10-02,2,这里就是曾经比较有名的孔雀河漂流。现在更名为霍山大峡谷漂流。定价完全随意，无儿童票，只有所谓的全程和半程票。 服务人员态度奇差（非本地开发，都是河南过来的）尤其不能忍的是，漂流居然要拼船，一个橡皮伐上居然七个人！
652,2018-06-17,2,从购票开始就是各种混乱，购票原始方式，排队混乱，坐车要10元不说，死要钱，漂流也是，全部堵在出口，1个小时也没出发，请事小穿拖鞋，船下面洞，等于泡在水里，也备好衣服，全身都会湿。
653,2020-08-17,2,景区管理混乱，游玩体验感差。网上购票，到景区还要拿号排队取票，按照规矩排队取了号，居然号又作废了，售票窗口混乱，无秩序，无人协调管理。三个小时，好不容易排队拿了票，领了救生衣，上了大巴车到了漂流起点，一幕抢船大战上演，场面混乱无比。最恶心的是，漂流后到更衣室换衣服，一地的大小便。除了漂流时还比较有趣，其他的可以说是最差的寨旅游体验了。建议景区多加管理，不要等出了安全事故再重视。
654,2019-08-12,1,举报一下霍山漂流工作人员操作不当导致翻船❌还不来救你要不是被游客帮忙拉起来后果不堪设想！！希望大家不要去玩了记住叫“霍山大峡谷漂流”‼️
655,2019-07-28,2,真心感觉携程可以取消霍山大峡谷漂流的合作了，简直就是坏携程的名声，携程我用了三四年，几乎没有一次反感的，都是很满意的，唯独这么一次让霍山景点给败坏了
656,2019-07-29,1,7月28号早上七点出发，九点到！109号团队，等到下午两点，游客中心让退票，因为昨天有滞留旅客没玩到，那为什么还在售票？也有早上七点就到的，是83号团队，在我们退票时仍在等待，既然没有这么大的接待能力，还在超负荷的售票，这个景点真是置这些游客生命安全不顾，挣着昧良心钱，换做你们带着孩子在这室外温度都50多度高温6个多小时，你们的心里是怎么样的？在我们把大巴车调回来接我们路上，全是在抢！打架，除了几位综合执法局（市容管理局）和几位协警管理，旅游景点工作人员没看见！能坐上船的基本靠抢的，不建议去！脏乱差！无管理！发图自己看吧！打架的，抢夺救生衣，皮划艇的！
657,2019-07-28,1,太垃圾了！没有这个能力就不要做这么大的宣传！把人骗过去拦钱！ 首先周末8.30就开门了，也没有公示，我们赶在12点去，在门口等了2.3个小时进不去，也没人管，进去了去兑票，说什么暂停兑票要等通知，又继续等了30分钟，拿了票去拿衣服，这个时候说什么交通堵塞，车上不了山，等了3个小时，问负责人能不能漂的起来，他说够呛～一直说等等等，我们要求自己拿衣服上山也不给，里面的人不管说啥都要听领导的，管理太垃圾了，并且很狂，两句话不投机，说那你可以投诉，你可以投诉这家公司，这家公司很牛逼，你有本事就去投诉呗，就是这么的狂！然后就开始私下让游客自己兑票，所谓的负责人也不管理秩序，也不理人，全去忙着私下换票卖票，反正有钱赚的地方才能看到所谓的负责人！ 还有一个上山的车票，10元一人，买了上不去，也不退，所谓的负责人，压根不理你！你吵你的，他压根就跟没听见一样。 后来到下午5点软磨硬泡要来了衣服，我们自己走上去，8公里，一个小时的路程，走到中暑！真的中暑！！下次打死也不去了！奉劝没去的别去了，体验感太差了，不要看好评，都是托！看了差评才是真的去了的！！！！前车之鉴！！给没去的做个提醒！如果你是年轻人，你说你能熬～随你，想去不拦着，那些带着小孩老人一家子来体验的，我劝你们算了！小孩老人中暑救护车都上不来！反正就是差差差！我真是1年的脏话全给他骂出来都不解气！
658,2019-07-27,1,极差的漂流体验，再也不会过来了 1.从中午12点排队到下午4点甚至没坐上去漂流起点的车，人满为患，交通瘫痪 2.出售票数量远远超出其景点承受范围，且未能及时处理解决问题 3.领导层不作为，互相踢皮球，甚至找员工出来当挡箭牌 4.出现人员滞留情况四小时后，在游客找上门来的情况下，才用广播通知并处理 5.优先接待旅游公司的游客
659,2018-08-16,1,岸上工作人员救援不到位，如果第一条船翻了如果及时处理的话，也不至于后面三条船也翻了，我们是最后一个翻船的，水太差，船翻了沧了几口水，回来身上就过敏了，下次再也不去这个鬼地方了，差点回不来了
660,2018-07-23,1,垃圾景区，景区得人一点服务意识也没有，我到你那是去消费的，不是去看你们景区人的脸色，水质也很差，根本就不是山泉水，水库里放的水还差不多，混着沙子，回来皮肤都发红。 下次再也不会去了
661,2018-08-17,1,便宜没好货 导游不负责，安全没保障 糟糕，太糟糕了
662,2019-09-16,2,霍山是一个山清水秀的地方，这里的空气质量非常好，自然环境超棒。因为水质很好，所以漂流还是比较有感觉。必须是水大的时候才好玩，今年的夏天水比较少，趣味性一般。
663,2018-06-17,1,购票乘车等服务感受差极了！！！！到处都收钱，而且无秩序，让我们对霍山的印象都降分！！！
664,2020-08-16,1,昨天和女朋友一起去的！漂流环境污染厉害，偶尔有阵阵恶臭，里面有鸭子，水面漂浮很多脏东西，而且两岸有小卖部还有很多脏东西，服务很不好，手机等贵重物品无法寄存，变相强制购买防水袋！防水袋15一个且不保证防水性😅。洗浴中心很脏，有恶臭，地上到处都是垃圾，我的脚还被划伤了，还不提供洗发水等必要用品。全是六人皮艇，容易和陌生人一起搭乘！体验不好！我去过杭州的龙井峡。价格比霍山便宜、服务、环境、水质比霍山强太多了！也许是没有对比就没有伤害吧！😂！去了有点失望，所以照片都懒得拍了
665,2019-07-30,2,水质很不好，船质量也不行，安全员还不负责，导致我们第一个坡就翻船了，差评，必须差评！
666,2019-08-25,1,这里管理非常乱！卫生环境也差！关健是经营方有涉嫌欺骗消费者幻嫌疑，买的票丢在大巴车上，以种种理由刁难消费者，非要二次交押金才给上船漂流，后来票找到又不予退还押金，说是有人检到票二次使用了，荒唐至极！我在当地旅游局投诉中
667,2019-07-28,1,工作人员超级不负责任 手机掉水里要2000块钱才愿意还手机 没良心
668,2018-08-11,1,不好玩，还没有五龙源一半好玩，一点也不刺激，百分之九十都是平的，漂流要极速才好玩
669,2019-07-28,1,霍山漂流景区，要想玩的好，全程都靠抢，谁去谁知道。管理混乱。
670,2019-07-29,2,服务态度非常非常非常差，水非常脏。
671,2020-08-15,1,建议不用网上买票，因为取票他们网络窗口只有一个，好多人排队，耽误时间散客票有三个窗口，速度很快！还有就是1.2就要买全程票，跟携程上面购买须知不符
672,2018-08-19,1,旅行社的服务态度太差，非常不满意！
673,2019-08-21,1,管理有待提高！人员管理不行！
674,2020-08-27,1,水脏 洗澡的地方脏 不推荐 不安全
